article,highlights
"(CNN) -- A magnitude 7.9 earthquake struck off the coast of central Peru on Wednesday evening, killing 15 people and leaving 70 hurt, President Alan Garcia said on national television. Pedestrians try to make calls on their cell phones in Lima, Peru, after a strong earthquake Wednesday. Peru's Panamericana TV put the death toll at 17. It showed footage of traffic lights in the capital, Lima, swaying with the quake. After everything stopped shaking, medics were seen tending to a woman. The video also showed chunks of plaster that had fallen from buildings. Some Lima residents were sobbing after the temblor, while others appeared to be praying. ""This has been the most terrifying experience we've had,"" Gladys Tarnawiecki told CNN from her home in Lima. ""It was extremely long ... never in my life had I experienced this long an earthquake,"" she said.  See the Lima resident describe how people were 'shouting and praying' » . Many people were outside in the streets, she said, as the radio warned them that aftershocks could follow the quake. Tarnawiecki said she was waiting in her car, afraid to go back inside. ""It was chaos,"" said Fernando Calderon, an American visiting Peru. ""Everybody started crying -- kids, everybody. Everybody started running toward any empty space. Everybody was afraid the buildings were going to collapse."" ""It's an awful experience, because there's no warning,"" he said. The quake shook inland towns, as well as cities near the coast and the mountains. There were power outages in Lima, Reuters reported, and people ran into the streets in panic as the tremor shook office buildings. Many stayed outside, afraid to go back indoors after the warnings of possible aftershocks. Meanwhile, tsunami warnings and watches issued after the quake for several Central and South American countries were canceled Wednesday night, as was a tsunami advisory for Hawaii. Peru, and most of the South American Pacific Coast, are on border of two tectonic plates: The South American plate, which includes most of the continent, and the Nazca plate, which extends across the Pacific along most of the coast.  See a map of where the quake struck » . The quake was felt for two minutes, according to Peruvian media. Broken windows were reported in Lima, and mobile phone service was interrupted. The coastal town of Pisco, about 160 miles (257 kilometers) south of Lima, appears to be the hardest-hit, and electricity was out in the town, Gen. Luis Palomino, head of Peru's national civil defense institute, told CNN International. He said he could not confirm any deaths. The quake struck at 6:41 p.m. (7:41 p.m. ET) and was centered 25 miles (61 kilometers) west-northwest of Chincha Alta, Peru, and 90 miles (161 kilometers) south-southeast of Lima, according to the U.S. Geological Survey. The epicenter was 25 miles (47 kilometers) below the Earth's surface. More tremors followed. A magnitude 5.8 quake occurred at 7:02 p.m. (8:02 p.m. ET). It was farther inland, centered 70 miles (113 kilometers) northeast of Chincha Alta and 111 miles (179 kilometers) east-southeast of Lima. And at 7:19 p.m., another smaller quake of 5.9 magnitude occurred, centered 30 miles (48 kilometers) south-southwest of Ica, Peru, and 180 miles (290 kilometers) south-southeast of Lima.  E-mail to a friend . Reuters contributed to this report.","NEW: Tsunami warnings and watches canceled, as is Hawaii's advisory .
At least 15 people killed, 70 injured in quake .
Quake was felt for two minutes; people ran out of office buildings in panic .
Broken windows, power outages reported in Lima, Peru's capital ."
"(CNN) -- Argentina's Juan Martin Del Potro made a disappointing comeback from injury at the Thailand Open in Bangkok on Tuesday, where he was defeated 7-6 6-4 by Olivier Rochus of Belgium in the opening round. The 22-year-old has not played on the ATP Tour since losing in the fourth round of the Australian Open in January, after sustaining a wrist injury which has seen the former world number four slip to 36 in the world rankings. But despite serving 16 aces during the match, the 2009 U.S. Open champion's return to the game was cut short by world number 78 Rochus in just under two hours. A foot shorter than his two-meter, Rochus came through a close first set and a break down in the second to book his place in the second round of south-east Asian tournament where he will play Kazakhstani Mikhail Kukushkin. After the match fifth seed Del Potro was full of praise for his victor and said he was just happy to be playing again despite the loss. ""I played a good match,"" Del Potro told the official ATP website. ""I had my chances in the first-set tie-break and he played some great points. He served very good, which was important on this kind of surface. He played very well today. ""I'm just happy to be back on the circuit and I hope I get better and better."" The result opens up the draw for world number one Rafael Nadal, who would have faced Del Potro in the quarterfinal. The Spaniard will be playing in the tournament for the first time, after arriving in the Thai capital on Tuesday. The newly crowned U.S. Open champion will face Belgian qualifier Ruben Bemelmans in a second round match on Wednesday. Meanwhile in Tuesday's other first round matches, Germany's Rainer Schuttler defeated Brazil's Ricardo Mello, Guillermo Garcia-Lopez of Spain beat German Michael Berrer, and world number 13 Jarkko Nieminen saw off home favorite Danai Udomchoke.","Juan Martin Del Potro loses on comeback to tennis after wrist injury .
Argentine ace was playing first match since Australian Open in January .
Belgium's Olivier Rochus beats Del Potro in straight sets in Thailand .
World number one Rafael Nadal begins his campaign in Bangkok Wednesday ."
"By . Daily Mail Reporter . PUBLISHED: . 07:24 EST, 22 December 2013 . | . UPDATED: . 08:19 EST, 22 December 2013 . Behind bars: Jamal Dyce was jailed for life in 2008 for stabbing to death labourer Philip Armstrong . A murderer has posted photos of himself larking around in jail on Facebook - before using the site to ask friends to send him more phone credit. Jamal Dyce, who was jailed for life in 2008 for fatally stabbing a man, has taken to the social-networking site to brag about his life at HMP Gartree in Leicester. The 25-year-old boasts about how he drinks alcohol, 'bulks up' at the gym and watches football matches behind bars. He also speaks to friends on a Blackberry mobile phone - exchanging messages and joking about how easy it is to acquire drugs in prison. Dyce was jailed for a minimum of 12 years in 2008 for stabbing to death labourer Philip Armstrong in a fight over a mobile phone. But despite Dyce's sentence, he has posted numerous photos of himself on Facebook, including images of him cuddling his mother at the prison. In another photo, the killer can be seen being lifted up by a man he calls 'Dog'. And in a string of Facebook posts - all posted via mobile phone - Dyce boasts about watching Champions League football and Match of the Day on TV, tucking into a beef curry and going to the gym. He has even taken to the social-networking site to ask his friends to send him a £5 T-Mobile top-up card. Among Dyce's posts are several written . during Barcelona's 4-0 win against AC Milan in the Champions League on . March 12 this year. Larking around: The killer has posted photos of himself messing around with fellow prisoners on Facebook . Jail selfies: Some photos are selfies, left, while others show Dyce being lifted up by a man he calls 'Dog', right . Request: The 25-year-old has even taken to Facebook to ask his friends to send him a £5 T-Mobile top-up card . The posts read: 'Lionel Messi scoring screamers... Normal service is resumed' and 'Xavi is over 300 passes ahead in the champions league but people still tryna say he over rated imagine that?!' Meanwhile, a comment on February 22 states: 'I need £5 T-mobile credit right now, so if your near a shop get at me please ya done know.' And in one post, Dyce complains about James Corden and Nick Grimshaw's TV appearance on February 20 - writing: 'James corden and that grimshaw guy have ruined my t.v watching experience with their fag antics.' Striking a pose: Dyce poses for the camera, left, and cuddles his mother, right, at HMP Gartree in Leicester . Facebook comments: In a string of online posts - all posted via mobile phone - Dyce boasts about watching Champions League football and Match of the Day, tucking into a beef curry, going to the gym and bulking up . Other Facebook comments include: . Locked up: Dyce has been a prisoner at HMP Gartree in Leicester (pictured) since 2008 . Shocking: The murderer also brags about taking drugs, drinking and his plans to 'get stoned' over Christmas . Dyce also brags about taking drugs, drinking and his plans to 'get stoned' over Christmas, according to the Croydon Advertiser. This week, a spokesman for the Ministry of Justice said it was 'totally unacceptable' for prisoners to have access to social networking sites. He said: 'The Justice Secretary has made clear it is totally unacceptable for prisoners to access social networking sites. 'Those who break the rules will be dealt with severely and no prisoner should be in any doubt that if they are found with a mobile phone or any other illicit items they will be stripped of their privileges and reported to the police for further action.'","Jamal Dyce jailed for life in 2008 after stabbing to death Philip Armstrong .
Has posted photos of himself larking around at HMP Gartree on Facebook .
Dyce, 25, has also asked friends to send credit for his Blackberry phone .
Ministry of Justice says Facebook access in jail is 'totally unacceptable'
'Power nap finished. Time for some crumble cream biscuits, tropical juice and watch shooter.'
'Gym again tommorow Tricep and back work out.'
'At this moment in time iam relaxed, my belly is full and iam wrapped up like an eskimo in my house coat.'
'I am bout to charge my communication device so ill be back in about an hour folks. If you near a shop inbox me £5 tmobile please ya done know the situation.'
'Happy Morthers day Mummy. Happy Mothers day to all you mums out there yeah. #MotheringSunday.'"
"By . Eleanor Harding . PUBLISHED: . 17:37 EST, 11 August 2013 . | . UPDATED: . 01:37 EST, 12 August 2013 . Many of today’s pensioners came of age in the era of free love. Five decades on, however, it seems a passionate private life can be a problem, not a blessing. According to one veteran agony aunt, many OAPs are putting themselves under pressure to keep having sex even if they no longer enjoy it. Virginia Ironside, 69, who has spent years solving the bedroom dilemmas of the nation, said people can be made to feel ‘peculiar’ about themselves if they no longer feel like making love. According to one veteran agony aunt, many OAPs are putting themselves under pressure to keep having sex even if they no longer enjoy it . And she said people of her age are bombarded with messages in the media that they should  still be active between the sheets. Miss Ironside was speaking ahead of her appearance at the Edinburgh Festival Fringe today, when she will perform her show Growing Old Disgracefully. She said: ‘I start the section on sex by saying, “And now it’s time to discuss old age and sex” and there’s always a terrible silence. Virginia Ironside, 69, who has spent years solving the bedroom dilemmas of the nation, said older people often much prefer gardening to sex . ‘Everyone is absolutely terrified of what sort of escapades I’m going to suggest. But I start the whole thing with, “I don’t know about you but I’ve had enough sex to last me a lifetime”. ‘I think to say that makes people rather relieved. So if they are having sex they feel chuffed and if they’re not they don’t feel peculiar. ‘I think there’s great pressure on the older person to have sex. It’s good that people can say that yes they have sex and it’s lovely when they’re 90. But for others the desire goes. 'You have other pleasures when you’re old, such as gardening. Old people love gardening. And they didn’t like gardening when they were young, they liked sex. There’s a sort of shift. ‘This show is trying to say that there are lots of great fun things about being old and rather than keeping struggling into your seventies racing about trying to be groovy, I think it’s better to think of old age as a new country, an exciting country.’ In her show, to be performed at the Assembly Rooms today at 12.30pm, the divorcee also talks about drugs. She said: ‘I’d love to try Ecstasy. It seems to me to be a much more sensible time to take drugs when you’re old. 'When you’re young you don’t really want to have your brain fried and be slightly odd for the rest of your life. When you’re old, what have you got to lose?’","Virginia .
Ironside, 69, said they're made to feel ‘peculiar’ if not active .
The agony aunt claims older people often much prefer gardening to sex ."
"By . Deni Kirkova . PUBLISHED: . 10:09 EST, 25 January 2013 . | . UPDATED: . 19:26 EST, 27 January 2013 . The first Diet Coke Break advert aired in 1994, starring a hunky construction worker who kept a group of admiring women in an office glued to their window every day at 11.30am when he paused for a can of Diet Coke. The innovative campaign became a cultural phenomenon and flipped traditional gender roles on their head. The series continue and evolved with fresh incarnations in 1997 and 2007. Now, to celebrate the diet drink's 30th birthday, Diet Coke is bringing back The Hunk - and he is sexier than ever. The full video comes out Monday, but watch the teaser here... Scroll down for compilation video of ALL the Diet Coke Hunks . See something you like? An open-mouthed woman observes the Hunk lift up his top . Hot stuff: Seemingly overdressed, the hunk proceeds to remove his T shirt . Diet Coke will also bring back Robert Merrill, the handsome star of the 1998 ad, for the 30th birthday ad. Merrill, who now stars in 90210, CSI and Californication, says: 'I still do have a love affair with Diet Coke. She's been good to me for all these years.' 'Women got excited when they saw the Diet . Coke Hunk commercials.' 'Being objectified by women is a pretty . good feeling if you ask me, and I felt like a rock star. Life is short . and the commercial was harmless.' The full new Hunk video is released on Monday via Diet Coke's YouTube channel, where they claim they have an even bigger announcement, too. Watch this space. Diet Coke launched in 1982. Twelve years later they released the original 'Diet Coke Break Hunk' advert featuring American model and actor Lucky Vanous. The 1994 ad sees Lucky as a handsome . construction worker on a building site, keeping a group of admiring . women in an office building glued to their window. 'Construction worker' Lucky Vanous caught the eye of an entire office of ladies . In 1998 the second Diet Coke Break . Hunk advert featured Robert Merrill keeping ladies on time for their . 11.30am appointment as an unforgettable window washer. The 1998 Hunk Robert Merrill kept ladies on time as an sexy window washer . In 2007 Diet Coke decided to let their Hunk keep his top on. Played by 28-year-old French skater and Economics graduate Francois Xavier, the lift engineer comes to rescue three ladies after they get (intentionally) stuck in an office lift. The 2007 Hunk assists a trio of beautiful office ladies after they get 'stuck' in a lift . And now Diet Coke releases a fresh incarnation of the iconic Diet Coke Break Hunk campaign. For more information on the last three decades of Diet Coke visit their Facebook page. The Diet Coke Hunk is back, but who is he? All will be revealed on Monday . Watch our compilation of Diet Coke Hunks throughout the ages here...","Full new advert will be released on Monday at 11.30am via Diet Coke's social media channels .
Aside from a glimpse of toned midriff, the identity of the fourth hunk will remain a mystery until Monday .
Robert Merrill, Hunk from 1998, says being objectified by women is 'a pretty good feeling' and he 'felt like a rock star'"
"(CNN) -- There is a simple message for Michael Schumacher one year on from his devastating accident -- keep fighting. Formula One's record-breaking, seven-time world champion is continuing his recovery from the severe head injuries he sustained in a skiing crash on 29th December last year. After emergency brain surgery in France and nine months in hospital, Schumacher has been moved to the family home near Lake Geneva in Switzerland to continue his rehabilitation. His close family, including his wife Corinna and two teenage children Gina Marie and Mick, have maintained their silent support by choosing not to release a statement on the anniversary of the accident. Schumacher's son Mick, who is beginning his own racing career in go-karts, had been among the skiing party when the F1 star fell and hit his head on a rock at the French Alps resort of Meribel. There were expressions of support for Schumacher, however, from the German racer's global fans and members of the F1 community, Monday. ""It has been one year already..."" wrote Lotus driver Romain Grosjean on Twitter. ""#KeepFightingMichael our thoughts are still with you and your family."" Red Bull driver Daniil Kvyat also marked the occasion: ""#KeepFightingMichael -- I know you will."" The Mercedes team, who Schumacher drove for between 2010 and 2012, said: ""One year on, our thoughts remain with Michael, his family and friends every day."" Although 12 months have passed since the accident, speculation about Schumacher's condition and its rate of progress remains as intense as ever. Former F1 racer Philippe Streiff, who was left paralysed during an F1 testing crash in 1989, added grist to the rumor mill in an interview with French newspaper Le Parisien, Sunday. The Frenchman claimed Schumacher ""still has not regained the power of speech....but begins to recognize his own wife and children."" Schumacher's manager Sabine Kehm dismissed the story, telling the Reuters news agency: ""I can only confirm that I do not know where Mr Streiff has his information from because he has no contact with us and never has."" Given Schumacher's fame, it is no surprise that public interest in his state of health is unabated. The German, winner of a record 91 grand prix, was known as fearless racer who gave no quarter on track. Fans of ""Schumi"" expect him to continue his fight against his injuries with the same inner steel and determination. The difficulty with complex head injuries is that there is no predictable prognosis or timeline for recovery. ""If you look at severe head injury victims who go on to make a good recovery -- and I'm not saying all do -- it will always be a story of years,"" Peter Hamlyn, a consultant neurological and spinal surgeon and expert in the field of head injuries in sport told CNN in June. In the immediate aftermath of the accident, neurosurgeons operated on Schumacher twice to remove blood clots and reduce swelling on his brain before placing him in a medically induced coma. A statement from the family in April said the 45-year-old had shown ""moments of consciousness and awakening."" In June, it was announced he was out of the coma and would continue his recovery at the University hospital in Lausanne. He was moved to the family home in September. The latest statement, issued in September, read: ""Considering the severe injuries he suffered, progress has been made in the past weeks and months. There is still, however, a long and difficult road ahead. ""We ask that the privacy of Michael's family continue to be respected, and that speculations about his state of health are avoided."" Kehn confirmed to CNN that there was no further update on his medical condition at this time. Schumacher, who won the F1 drivers' world title with Benetton in 1994 and 1995 before a period of dominance with Ferrari between 2000 and 2004, will turn 46 on 3rd January. While Schumacher had retired from the sport in 2012, after a second spell with Mercedes, his accident on the ski slopes still sent shockwaves through F1. But the global sport's close-knit traveling community had to cushion more devastating news in October when Jules Bianchi crashed in the late stages of the Japanese Grand Prix. The French racer, driving for the now defunct Marussia team, was left with severe head injuries when his car skidded off track in wet conditions and collided with a recovery vehicle. It was the most serious injury seen in F1 for some years. The last fatalities in F1 were in 1994 when Roland Ratzenberger and three-time world champion Ayrton Senna died on consecutive days at the San Marino Grand Prix. Bianchi, a promising racer who was part of Ferrari's development academy, is now recovering close to his family home in Nice, France. The 25-year-old was flown from Japan, where he had been treated in a high dependency unit at Yokkaichi hospital. ""Jules is no longer in the artificial coma in which he was placed shortly after the accident, however he is still unconscious,"" said the statement released by his parents Philippe and Christine in November. ""He is breathing unaided and his vital signs are stable, but his condition is still classified as 'critical'."" Bianchi, a popular figure on the current F1 grid, is also being remembered during the festive period. His racing peers Sergio Perez and Kevin Magnussen both tweeted messages of support to Bianchi on Christmas Day. American racer Alexander Rossi wrote: ""As we come to the end of the year, my thoughts and prayers remain with Jules -- teammate, competitor and friend."" As the New Year dawns, Schumacher and Bianchi are both still facing the greatest fights of their lives.","It is one year since Michael Schumacher suffered head injuries in a skiing crash .
Seven-time F1 world champion continues his rehabilitation at home in Switzerland .
German's manager Sabine Kehm says it is still a long road to recovery .
Current F1 racer Jules Bianchi also recovering from head injuries after Japan GP crash ."
"San Diego (CNN) -- Mitt, we hardly knew ye. Or should I say, ""primo!"" As much as it embarrasses me to admit it, given some of his views and how he expresses them, the presumptive Republican presidential nominee and I could be distant cousins. Romney's father, George, was born in Chihuahua, Mexico, and so was my grandfather, Roman. Que? You didn't know that Mitt Romney was half-Mexican? It's true. In fact, if he makes it to the White House, in addition to becoming the first Mormon in the Oval Office, he could also be the nation's first Hispanic president. Don't laugh. Technically, Romney is just as ""Mexican"" as former New Mexico Gov. Bill Richardson, who was born of a Mexican mother and American father. When Richardson ran for the White House in 2008, he was often touted by the media as someone who would become the nation's first Hispanic president. Yet, I would imagine that a lot of Americans aren't aware of this branch of the Romney family tree, and that's because it is not a detail that Romney usually talks about publicly -- and especially not on the campaign trail. That changed this week when Romney -- in talking about his father, a self-made man who worked his way up from nothing to become head of American Motors Corporation, governor of Michigan and a Republican presidential candidate in 1968 -- told a crowd at the Rochester Opera House in New Hampshire that his father was born in Mexico and came to the United States at 5. Romney's great-grandfather, Miles Park Romney, fled the United States and crossed into Mexico in 1885 to escape religious persecution. He helped build the Mormon enclave of Colonia Juarez in Chihuahua. Miles Park Romney never became a Mexican citizen, and neither did his son, Gaskell, or grandson, George. They were all denied Mexican citizenship because statutes on the books in Mexico denied that right to American settlers and their offspring. Speaking to the crowd in New Hampshire, Mitt Romney compared his father's story to those of countless other immigrants who have come to this country seeking economic opportunity. My grandfather, a Mexican citizen, also came to the United States legally as a child in the early 1900s with his family, trying to escape the chaos of the Mexican Revolution. It was during the same time that Romney's grandfather, Gaskell, returned to the United States with his family, also legally and presumably for the same reason . Now, hold on to your sombrero. I'm an American, born in the United States to parents who were born in the United States. In fact, three of my four grandparents were born in the United States. And yet, growing up, people in my hometown in Central California referred to me and other Mexican-Americans like me as ""Mexican."" That was the shorthand. But comparing bloodlines, you could say that Romney is more ""Mexican"" than I am. After all, Romney is just one generation removed from our ancestral homeland; I'm two. This is ironic given that I've spent the last 20 years criticizing politicians who twist the facts, propose simple solutions and pick on those who don't have a voice. And Romney has spent the last several months doing precisely that, just like he did during his failed 2008 presidential bid. He has used illegal immigration as a weapon against Republican opponents who propose reasonable solutions and in the process portrayed illegal immigrants, most of whom come from Mexico, as takers who come to the United States for free public benefits and ought not be rewarded with ""amnesty."" We can expect Romney to continue that theme over the next week as he campaigns in South Carolina, where Republican primary voters will cast ballots on January 21 and where illegal immigration is a bigger issue than in Iowa or New Hampshire. Lawmakers in the Palmetto State recently passed a tough Arizona-style immigration law that requires local and state police to determine the immigration status of anyone they suspect to be an illegal immigrant (read: Latinos). It's an approach that is wildly unpopular with Latinos and which has the blessing of most of the Republicans running for president, including Mitt Romney. And that's one reason why Romney, even if he is the GOP nominee for president, doesn't have much of a chance with Latino voters. Political experts say that a Republican would have to earn at least 30% of the Latino vote to win the White House. Given how he behaved in the primaries, Romney will be lucky to get 20%. In fact, a recent poll of Latino voters by the Pew Hispanic Center put the figure at 23%. While it found a high level of anger with President Barack Obama among Latinos over his aggressive deportation policies, the poll also found that -- in a Obama-Romney matchup -- the Democrat would easily beat the Republican, 68% to 23%. That's saying something given that, according to the survey, Obama's job approval rating with Latinos is just 49%. The takeaway: You want to make Obama more popular with Latinos? Easy. Pit him against Romney. Listen to Lionel Sosa, a San Antonio-based advertising executive and Republican strategist who has advised George W. Bush and John McCain. A few months ago, Sosa told The New York Times that Romney had blown his chance with Latinos. ""(Romney) can make as many trips to Florida and New Mexico and Colorado and other swing states that have a large Latino population,"" said Sosa, ""but he can write off the Latino vote."" It was Romney who recently promised to veto the Dream Act if he's elected president and if Congress passes the bill. The legislation, which would allow undocumented students to stay in the country legally if they complete a college degree or join the military, is extremely popular with Latinos. It was Romney who first attacked Texas Gov. Rick Perry for signing a law that allows illegal immigrants who live in Texas to pay in-state tuition at public colleges and universities. And it was Romney who later attacked former House Speaker Newt Gingrich for declaring that the GOP shouldn't support splitting up families and proposing a pathway for the undocumented to work legally in the United States. It was Romney who, in the debates, came across as naive by suggesting that the illegal immigration problem could be solved by simply putting more ""boots on the ground"" and as dishonest by not acknowledging the contributions that illegal immigrants make to the local, state and national economies. And it was Romney whose campaign put up, in New Hampshire, an offensive television ad that attacked Perry by linking him to Mexico and former Mexican President Vicente Fox, because Fox happened to agree with the Texas governor on letting illegal immigrants pay in-state tuition. So the candidate who winds up vilifying Mexico is the same one whose father was born in Mexico? Who can make sense of this? Listen up, Primo Mitt. You've made your bed. You're persona non grata with Latino voters, and it's your own fault. You can't win without them, but they can help make sure you lose. We don't care where your family's from. What matters is where your heart is. The opinions expressed in this commentary are solely those of Ruben Navarrette Jr.","Mitt Romney told a crowd in New Hampshire of his father's Mexican roots .
Ruben Navarrette says it's fair to say Romney could be first Hispanic president .
Yet he says Romney won't get allegiance of Latino voters because of immigration stance .
Poll of Latino voters shows President Obama would have huge edge over Romney ."
"Julie Neville, wife of footballer Phil Neville (right), revealed her husband has never mopped or used a Hoover after he made his first coffee in December . Phil Neville has failed to tackle a single piece of housework during his 15-year marriage, his wife revealed yesterday. The football pundit, who has just made his first cup of coffee at the age of 37, has no idea where the ironing board is kept and would not know how to turn on an oven. ‘All his talent is in his toes, that’s for certain,’ a remarkably sanguine Julie Neville said. Mr Neville, who played 59 times for England and won six Premier League titles with Manchester United, first hinted at his lack of skill around the house on BBC Radio 5 at the weekend. In an insight into the cosseted life of top footballers, he said he ‘sprinted into the kitchen’ and phoned his wife to ask ‘how the hell do I make a cup of coffee’ after the Daily Mail’s chief sports reporter Matt Lawton asked for one during an interview at the couple’s £3.6million Cheshire home. The father of two later told how he made it with a ‘kettle… two little scoops of coffee’, and laughed: ‘I’ve lived in a bubble all my life.’ His wife then revealed in a separate radio interview that he had never used a vacuum cleaner, mop, dishwasher or washing machine. And yesterday, when asked if he had any redeeming talents around the house such as putting the rubbish out or mowing the lawn, she told the Mail he did neither. She added: ‘Ironing? Oh gosh no, he wouldn’t even know where we keep the ironing board… He wouldn’t know how to turn an oven on. ‘I’ve never known anything else and I’m super-domestic so I don’t really mind. Phil is an amazing father and husband – just not domesticated in any way.’ Speaking about her husband’s first attempt to make a cup of coffee, the 39-year-old said: ‘If you’d seen it you would not have thought it was classed as a coffee. I didn’t taste it, but it didn’t look good.’ But the Mail’s Matt Lawton was more generous, saying: ‘For a first go, it was very good.’ Scroll down for video . Embarrassing: Neville, who has won 59 caps for England, was forced to admit he did not know how to make instant coffee after he phoned his wife for 'urgent' instructions for how to make the drink during an interview . Long relationship: The Neville couple, pictured left in 2000 and right in 2003, have been together for 18 years . As for Mr Neville, he has insisted he would ‘never drink the stuff’ anyway but confirmed that he has made tea. Mrs Neville, who owns online natural, sport performance and gluten-free products firm WinNaturally.com, is a former girlfriend of David Beckham. In June, more than 400 viewers complained about Mr Neville’s ‘robotic’ and ‘monotonous’ BBC commentary debut during England’s first World Cup game against Italy. Afterwards, he joked: ‘I helped everyone get to sleep.’ Manchester United players’ inability to cope with everyday tasks was revealed by ex-coach Brian McClair in 2004 when he said ‘none of the players can change a tyre on their cars’. FATHER . Neville Neville, 65, who was known for being the agent for his sons, is a former league cricketer and commercial director of Bury FC. His unusual name is featured in the classic terrace chant 'Neville Neville is the name of your dad', set to the tune of David Bowie's song Rebel Rebel. MOTHER . Jill Neville, 63, has been company secretary of Bury FC for more than 20 years and also general manager for the last five years. She was awarded for the freedom of the borough of Bury in 2012. At the time she was said to still be playing rounders and netball, and promoting sport in the area. THREE SIBLINGS . Gary Neville - England’s most-capped right-back in history - spent his whole career at Manchester United. He won eight Premier League titles, three FA Cups, one League Cup and two Champions Leagues. The 39-year-old is now a coach for England as well as a pundit for Sky Sports. Phil Neville hung up his boots at the end of the 2012/13 season after racking up 505 Premier League appearances for Manchester United and Everton. He won six Premier League titles, three FA Cups and one Champions League. The 37-year-old father-of-two is now a pundit for the BBC. Tracey Neville, 37, who went to school in Bury with her two brothers, is a twin of Phil - and a retired England netball player. She won a bronze at the 1998 Commonwealth Games, before retiring due to injury in 2004. She is now director of netball for the Manchester Thunder team. Father and son: Neville Neville (left) and Gary Neville (right) observe a football match at Everton in 2011 . Sportswoman: England netball player Tracey Neville (centre) watches on at the 2002 Commonwealth Games .","Phil Neville made his first cup of coffee last month for Daily Mail journalist .
Footballing star confessed he had to ring his wife Julie for instructions .
During interview with BBC he told presenters he made his first ever cup of instant coffee three days ago and had also sampled a glass of red wine .
Mrs Neville revealed he has also never used a mop, vacuum or dishwasher .
She told BBC Radio 5 Live 'It's not just drinks-making he doesn't excel at'
Mrs Neville said her husband had not made her a hot drink in 18 years ."
"Los Angeles (CNN) -- A lawyer for Michael Jackson's family seemed satisfied as he left the Los Angeles courthouse after the first week of the pop star's wrongful death trial. ""There's a long way to go and we hope the evidence supports -- and we believe it does -- that Dr. (Conrad) Murray was unfit for the job he was hired to do,"" attorney Brian Panish said. ""He was financially motivated and was in serious financial straits."" Jackson's mother and three children are suing AEG Live, contending the concert promoter is liable in the pop icon's death because it hired, retained and/or supervised Murray, the doctor convicted of involuntary manslaughter. Murray's fatal treatment of Jackson with the surgical anesthetic the coroner ruled killed him was the result of the doctors' financial desperation and pressure from AEG executives to have Jackson ready for rehearsals for his comeback tour, Jackson lawyers argue. AEG contends it was Jackson who chose and controlled Murray, not its executives. The company had no way of knowing what treatments the doctor was giving the singer, who it said was an expert at keeping his ""deepest, darkest secret"" The trial's first witness was a paramedic who arrived at Jackson's home at 12:26 p.m. on June 25, 2009 to find a man who he initially thought was a hospice patient who had died after a long illness. Jackson lawyers see that description as support for their argument that AEG execs should have realized the frailty of Jackson's health. AEG lawyer concedes: Michael Jackson is dead . The second witness was the Los Angeles Police detective who led the investigation of Jackson's death. Orlando Martinez arrived at court Tuesday, Wednesday and Thursday wearing a black cowboy hat, which he said is not part of his uniform as a homicide investigator, but ""the chief tolerates it."" The trial is off until Monday, when the coroner's toxicologist will give scientific testimony about the drugs found in Jackson's body after his autopsy. The doctor who conducted the autopsy will follow on the witness stand. Conrad Murray's big debts . When AEG Live first talked to Murray about working as Michael Jackson's tour doctor, he asked for $5 million for a year. Now we know why. Court records and credit reports showed Murray was at least $1 million in debt, including delinquent taxes, defaulted student loans, unpaid child support and a defaulted mortgage. His Las Vegas home, which had dropped in value by $500,000, was in foreclosure and his medical clinic was being evicted from an office building, according to records introduced as evidence in the trial. Murray's chances of catching up financially became an achievable goal when AEG Live agreed to pay him $150,000 a month. Before that, his monthly expenses totaled $2,700 more than his income, according to one document. Martinez testified that he concluded this was a major incentive for Murray to ""break the rules, bend the rules, to do whatever he needed to do to get paid."" Murray's heavy burden of child support payments was the result of his fathering eight children with seven women. Jackson lawyers contend AEG could have at least run a credit check on Murray before giving him the responsibility of caring for Michael Jackson. It should have been a red flag warning that he would put his paycheck above his Hippocratic Oath. Murray's other lost patient . The Jackson death trial jury broke out into laughter at the oddest time Thursday -- when Panish asked Martinez about another Murray patient who died under his care. Lawyer: 'Ugly stuff' to come out at trial . A Las Vegas man called Los Angeles police to tell them about how he thought Murray's negligence caused his father's death. The man said he didn't file a medical malpractice suit because Nevada law discouraged him. Panish: ""You learned Conrad Murray wasn't sued for malpractice, but he had killed someone else?"" (The jury laughs.) Panish: ""You learned that Dr. Murray had caused the wrongful death of someone else?"" Martinez: ""Yes."" AEG's lawyer brought out a document showing the coroner ruled the man's death was from natural causes -- a heart attack. Martinez also testified that Murray had been suspended from hospitals three times in the decade before Jackson's death. The loss of hospital privileges in one case was because he failed to promptly respond to a phone call when he was on call. The others appeared to be based on failure to follow record keeping procedures. Elvis' ghost haunts Jackson trial . Jackson lawyers will argue that a background check on Murray by AEG executives would have revealed these and served as red flag warnings that he should not be Jackson's tour doctor. AEG lawyer will contend they had no way of knowing. 'One Jackson' policy . Only one of Katherine Jackson's eight sons and daughters can sit with her in court at one time, the judge ruled this week. Unlike in Murray's criminal trial when all of the Jacksons filled a courtroom bench at times, the family will have just two seats throughout the civil trial. The limit was imposed because all of the Jacksons -- with the exception of Marlon -- are on AEG's witness list. AEG lawyers objected when they saw Randy and Rebbie sitting with their mother as the first witnesses testified. There is ""a risk in allowing any of them in the courtroom,"" an AEG lawyer argued. The risk is their own testimony would be influenced by hearing the testimony of others, she said. Panish successfully argued that at least one should be allowed to sit with their 82-year-old mother, who plans to be in court each day -- except for the gruesome medical testimony about her son's autopsy. ""I think Mrs. Jackson should have at least one support person in the court room,"" he said. The Jacksons star power could influence jurors who sit just a few feet away from them in the tiny courtroom. Jackson family intervention . AEG lawyers plan to call Janet, Jermaine, Jackie, Tito, La Toya, Rebbie and Randy Jackson to testify about their failed attempts to intervene with Michael Jackson's drug addiction and their lack of knowledge about what was happening to him. Only brother Marlon Jackson is not on the defense witness list. AEG is trying to show that Jackson was able to deceive even those close to him about his drug use, which helps their argument that executives with the concert promoter could not have known about it. The lawsuit contends that even if the executives didn't know about Murray's dangerous treatments, they should have. Katherine Jackson told investigators that her family ""attempted several interventions and she had spoken to her son about possible problems with drugs herself,"" Martinez testified Thursday. ""He denied having a problem."" An intervention at Jackson's Neverland ranch, organized by sister Janet, failed because ""Michael didn't want to participate,"" Martinez said. Messy bedroom . The Los Angeles mansion where Michael Jackson died was clean and neat, except for Jackson's bedroom, according to Martinez. Jurors saw police photos taken hours after the pop icon's death, showing disorganized closets, cardboard boxes lining the hallway and a general mess throughout. AEG lawyer Marvin Putnam spent several minutes questioning Martinez about the messiness. During the lunch break, the Jacksons' lawyer joked to reporters that Putnam has succeeded in proving Michael Jackson was messy. Back in court, Panish asked the detective: ""Is there anywhere in the penal code that says if you have a messy room that's against the law?"" The jury thought that was funny and laughed. Panish: ""You've come across scenes that had a messy room?"" Martinez: ""Yes."" Panish: ""And that's an indication that someone is not doing well, that their health is bad and they can't clean the room?"" Martinez: ""Yes."" Panish: ""There were moving boxes in the room?"" Martinez: ""Yes."" Panish: ""Did you know he was planning to go to England? Within a week or two he was leaving that residence?"" Martinez: ""Yes."" When Martinez walked into the upstairs master bedroom,, he found the gas fireplace was burning, the television was on and music coming from the CD player. Except for Murray, ""only the chef who can drop off food at the door"" was allowed upstairs, he testified.","Conrad Murray was $1 million in debt when he took the job as Michael Jackson's doctor .
A Las Vegas man told police Murray's negligence caused his father's death .
Katherine Jackson told investigators her family ""attempted several interventions""
Part of Thursday's testimony in the civil trial focused on the pop icon's messy bedroom ."
"The delay in Raheem Sterling signing a new contract with Liverpool coincides with big changes at Impact Sports Management, who represent the England star. Agent Aidy Ward is in the process of leaving Impact to set up his own business and is taking Sterling and West Brom striker Saido Berahino with him. Another England international, Alex Oxlade-Chamberlain of Arsenal, may follow. There has been speculation for some time that Ward, who works closely with that trio, would break away from the Rob Segal-run operation. Ward’s new company will also have athletics and boxing clients. Rising British heavyweight hope Anthony Joshua, an Olympic gold medallist, was linked with Ward before he turned professional. Raheem Sterling's Liverpool contract talks have been delayed due to his agent Aidy Ward . There will be short-term complications in any new deal involving Sterling or Berahino because of their current representation contracts with Impact, who look after nearly 200 players. But Segal said: ‘Everything is being worked out between myself and Aidy in a very amicable fashion, despite some in our industry suggesting otherwise. Aidy wants to go it alone and I can understand the reasons but we will continue to work together when it suits us.’ West Brom striker Saido Berahino (right) is another player who shares the same agent as Sterling . With most of the negativity about Qatar hosting the 2022 World Cup coming from the powerful UK press, the organising committee hope a British candidate emerges from the global recruitment search for their World Cup communications director to be based in Doha. UEFA look to be playing a highly tactical game over the FIFA presidential election since Michel Platini declared he was not going to challenge Sepp Blatter. But instead of supporting another candidate, UEFA are happy both Dutchman Michael van Praag and Prince Ali of Jordan  are standing as they want as much anti-Blatter noise as possible over the next four months. Meanwhile it is likely that Blatter’s stooge candidate Jerome Champagne will get the five nominations he needs to contest the race because the Swiss will want one friendly rival in the mix whom he can control. The FA are expected to support Prince Ali even with Van Praag deciding to stand and Chile’s Harold Mayne-Nicholls another possibility. Candidate Prince Ali Bin al Hussein (left) hopes to challenge Sepp Blatter (right) in the FIFA presidential race . London 2012’s organising committee gained the name ‘NOCOG’ because of their frequent refusal to be linked to parallel events owing to the restrictions on using the Olympic brand. So the legion of LOCOG alumni now working for England rugby 2015 have tried to be more accommodating for the Rugby World Cup by setting up a separate Festival of Rugby 2015 with its own logo and branding. Sky deadline revamp . Sky Sports News are making much-needed changes to their transfer deadline day coverage after the fiasco of the last window. Two reporters had to seek sanctuary inside grounds from fans’ protests, while sex aids were brandished by mischievous supporters in front of the cameras at two other chaotic venues. This time around SSN, who go ludicrously over the top at the end of the transfer window, intend to make next Monday more of a studio-based day. This will involve many of their leading pundits analysing the day’s events, plus more news of deals across Europe. Sky are asking clubs to allow their reporters to deliver their frequent updates from inside the grounds so any demos or exhibitionist behaviour can be avoided. However, Sky will not say how many Premier League outfits have agreed to let them in. Meanwhile, with Sky believing they invented deadline day TV coverage, BT Sport are sure to antagonise them with their ‘mellow yellow’ promo featuring Robbie Savage that lampoons Sky’s colour motif on the day. However, after stirring things up, BT need to prove themselves by breaking some transfer news. A blow-up doll put in an appearance as the clock ticked towards the transfer deadline last September . Alan Irwin had his broadcast interrupted by a fan with a sex toy at Everton last year . Mark Pougatch's arrival at ITV as their lead football presenter next month is timely. ITV are in the process of gaining World Cup cricket highlights for terrestrial showing, and Pougatch has hosted ITV’s IPL cricket coverage. However the World Cup action is likely to come as a self-contained package and will not be presenter led. ITV, who signed Mark Pougatch as lead football presenter, are likely to gain World Cup cricket highlights .","Raheem Sterling's agent Aidy Ward is leaving Impact Sports Management .
Ward will start his own business taking Sterling and Saido Berahino too .
2015 Cricket World Cup highlights are likely to not be presenter led ."
"LONDON, England  -- The British Home Secretary Jacqui Smith has been asked to intervene after Iraqi international Nashat Akram was refused a work permit. Nashat Akram was hoping to become the first Iraqi footballer to play in England. Akram starred in Iraq's Asian Cup-winning team last year and was set to play for Premier League Manchester City. But the 24-year-old cannot come to the United Kingdom because a technicality in immigration rules for footballers. To gain a work permit, the player's national side must be in the top 70 of the FIFA world rankings and Iraq has a highest ranking of 71. Akram's supporters say this is because Iraq cannot play matches at home because of the security situation and are calling for the decision to be reversed. Keith Vaz, a member of the ruling Labour party, said: ""I shall be calling on the home secretary to review this decision. ""Here we have someone who wants to come and work legitimately, a role model for his country, whose presence here can heal divisions in Iraq. ""Parliament has given ministers the right to exercise their discretion and they should use it. ""This case sends out all the wrong messages."" City boss Sven-Goran Eriksson told the club's Web site: ""This is a big blow and a great disappointment to us. I have huge sympathy for Nashat. He is a very good footballer with an excellent international pedigree. ""He has now returned to the Middle East and we will keep in touch with him. He is somebody who we will maintain an interest in for the long term."" City have already lost an appeal to the Home Office ruling, but the Iraqi government has now taken up the cause. Government spokesman Ali al-Dabbagh told the Associated Press a letter has been sent to the British Ambassador in Iraq. Midfielder Akram, who was born in Hilla, currently plays for Al-Ain in the United Arab Emirates. He came to international prominence with his performances in the Asian Cup and became a symbol of hope at home with posters featuring a smiling Akram plastered on walls around Baghdad with the slogan ""The dream came true because of our determination and zeal."" Earlier this month, Watford midfielder Al Bangura, from Sierra Leone, was granted a work permit after a decision to deport him was overturned following a well-supported campaign by football fans and a local member of parliament, Claire Ward. E-mail to a friend .","Star Iraqi player Nashat Akram is refused a work permit for United Kingdom .
Nashat was poised to sign for Sven-Goran Eriksson's Manchester City side .
British home secretary Jacqui Smith is being asked to intervene in the case ."
"(CNN) -- World-record signing Cristiano Ronaldo scored on his debut as Real Madrid kicked off the Spanish football season with a shaky 3-2 victory at home to Deportivo La Coruna on Saturday night. Cristiano Ronaldo celebrates after paying off a small chunk of his record transfer fee with a goal on his Real debut. Real's new generation of ""Galacticos"" were preceded onto the pitch by the world's fastest man Usain Bolt, with the Jamaican sprint star dribbling a ball to the delight of a packed Bernabeu crowd. Coach Manuel Pellegrini fielded seven new signings against a team who stunned Real 2-1 on the opening day last season to foreshadow a season of massive upheaval for the underachieving capital club. The first goal took just 26 minutes in coming as $92 million signing Kaka fed the ball to $50 million capture Karim Benzema, whose shot rebounded off the post and fell welcomingly to Real captain Raul to score. Ronaldo, who cost $130 million when he left Manchester United, then rose highest to meet a free-kick from $50 million midfielder Xavi Alonso but headed over the bar. Deportivo stunned the home crowd in the 30th minute when former Real striker Riki was allowed a free header to equalize in the type of defensive lapse that typified Madrid's performances last season. But while Pellegrini has obvious problems to sort out at the back, where he fielded debutants Ezequiel Garay and Raul Albiol in the absence of the suspended Pepe, he has volumes of attacking resources at the other end of the pitch. His team took the lead again in the 34th minute through Ronaldo, who coolly slotted home from the penalty spot after Raul went down under goalkeeper Daniel Aranzubia's challenge following a clever pass from midfielder Lassana Diarra. However, Real could not hold onto the lead, with veteran Juan Carlos Valeron firing a leveler from the edge of the area just 43 seconds into the second half following a cross by Andres Guardado. Valeron should have made it 3-2 with an even easier chance 12 minutes later, but he sidefooted another pass from Guardado wide of the Real goal. Real continued to pile forward in numbers, peppering the Deportivo goal, but it was the unexpected figure of Diarra who netted the eventual winner in the 60th minute with a low drive from outside the box. Benzema should have doubled the lead soon after following a mistake by Aranzubia, but saw his chip over the keeper rebound off the bar. The Frenchman made way for last season's top scorer Higuain in the 72nd minute, with the Argentine lucky to avoid being booked for a blatant dive in the penalty area. Real's rivals Barcelona start the defense of their title on Monday at home to Sporting Gijon, having already won a trophy this season by beating Shakhtar Donetsk 1-0 in the European Super Cup on Friday.","World-record signing Cristiano Ronaldo scores on his debut for Real Madrid .
Real kick off the Spanish football season with a 3-2 win at home to Deportivo .
Raul scores opening goal and Ronaldo's first-half penalty makes it 2-1 .
Juan Carlos Valeron levels for visitors before Lassana Diarra's 60th-minute winner ."
"Krokos, Greece (CNN) -- It's a meticulous harvest which forbids the use of a spade, let alone tractors. Crouched deep within a field full of purple crocuses, groups of villagers come together every year for a back-breaking fortnight, harvesting saffron. With great precision, and grubby fingernails, flowers containing the rare, precious spice are snapped away from the stems and dropped inside white buckets. Read more: Europe would have suffered without single currency . Within the purple petals lie two or three strands of saffron. These red threads are helping the villagers survive Greece's economic calamity. When CNN joined them on the final day of a two week harvest the sun was out, with the November heat bearing down on the pickers' backs in the fields around Krokos, a small town in the north of the country. Read more: Maastricht: The birthplace of the euro . Among them were young men and women who'd previously left the village in search of jobs in Athens which did not materialize. One of them was Zisis Kirow, a young man in his 20s with two degrees. ""I was hoping to live in Athens but now with the whole economic crisis it's really hard to find a job that covers your needs,"" he said. Read more: Spain turning back the clock on siestas . ""I was studying civil engineering.. but whether you want it or not, you have to come back to your family."" By late afternoon, the local coffee shop became the center of attention as it slowly filled. The harvest was almost done. Retirees with gray-stubbled, weathered faces burst into loud debate. They struggled to hear themselves above the booming TV mounted on the wall. Read more: A history of defaulting on debt . On the local news was the respected president of the local cooperative, Nikolaos Patsiouras. He's an outgoing, gray-haired Greek who turned his back on taking a corporate approach to business. ""We have never tried to work as a multinational corporate business,"" he said. ""We have a board of 50 people and whatever we produce - we package them and we sell them. We keep 10% for the coop expenses and the rest we give to the producer. Our main aim is not to get high benefits."" Read more: IMF chief warns against 'complacent' Europe . This year's harvest has not been huge. It takes 150,000 plants to produce a kilo of saffron. Dry weather left the co-op with 1.5 tonnes this year- that's tiny compared to the global annual production of 200 tonnes. They're competing with produce from Iran and Spain, but many chefs regard Greek saffron among the best in the world, providing the villagers with some financial stability. ""For some people this is their main business and way to get money. For others, it is an extra activity,"" Patsiouras said. ""Young people have to take this seriously and treat saffron harvest and production as a real job. ""If they cannot find work, they can at least have some money to get by, thanks to saffron."" Read more: Europe fractures after recession . As Greece enters a new economic phase of optimism with a stockmarket rebound, it has yet to translate into more jobs, especially among the young. But as the saffron farmers of Krokos export their wares to the rest of the European Union, the U.S. and beyond, it seems they have found golden opportunities in difficult times.","Villagers from Krokos, a small town in the northern Greece, pick saffron for a fortnight each year.
Despite competing with produce from Iran and Spain, many chefs regard Greek saffron as the world's best .
Dry weather has hit Greece's saffron harvest producing just 1.5 tonnes this year."
"By . Daniel Martin . PUBLISHED: . 19:03 EST, 17 March 2013 . | . UPDATED: . 19:03 EST, 17 March 2013 . Revenue chiefs have been criticised by MPs after their 'disgraceful' tax helpline left millions out of pocket. Taxpayers had to fork out £136 million last year on premium-priced phone lines waiting to speak to HM Revenue & Customs. A quarter of their 79 million calls went unanswered. Now the Commons Public Accounts Committee has warned the situation could get even worse, thanks to plans to shut hundreds of tax inquiry centres. Premium-priced: Taxpayers forked out £136 million on phone lines waiting to speak to HMRC last year . HMRC has promised improvements . but MPs condemned its 'woefully inadequate and unambitious' new target to . answer 80 per cent of calls within five minutes. The committee said there was a 'real risk' of things actually getting worse with new tax and benefit systems - such . as Iain Duncan Smith's Universal Credit welfare system - likely to add . to the volume of calls while staff numbers were being cut. HMRC opened a consultation yesterday on . closing all 281 of its face-to-face tax inquiry centres in favour of a . targeted 'mobile' system in homes, businesses or community locations. 'Real risk': MP Margaret Hodge believes closing all 281 HMRC face-to-face inquiry centres will add more pressure on its phone lines . It claims the move will save . customers almost £12million a year in lost time and travel costs and . slash running costs by more than £13million a year. But MP Margaret Hodge, chairman of the Commons committee, believes the move would 'undoubtedly put more pressure on phone lines'. 'HMRC considers that it will be able to . improve service standards by reducing avoidable contact with customers . and using its staff more flexibly,' she said. 'It may need to put in additional resources, though, to avoid the kind of plummeting performance we have seen in the past. 'Just how the department is going to . improve standards of customer service, given the prospect of its having . fewer staff and receiving a higher volume of calls, is open to question. 'HMRC plans to cut the number of . customer-facing staff by a third by 2015. At the same time, the stresses . associated with introducing the Real Time Information System, Universal . Credit and changes to child benefit are likely to drive up the number . of phone calls to the department.' Mrs Hodge said it was 'disgraceful' that . taxpayers who had no choice about dealing with HMRC were subjected to . unacceptable levels of service when they phoned or wrote. And she criticised the department's . 'abysmal record' in not answering 20million calls in 2011/12 and only . responding to 66 per cent of letters within 15 days. 'We are pleased to see signs that . HMRC is changing its attitude,' she said. 'Officials are beginning to . realise that good customer service lies at the heart of any strategy to . maximise revenues while cutting costs. Cost cutting: HMRC said closing its centres will save customers £12m a year in lost time and travel costs . 'However, HMRC's new target of answering 80 per cent of calls within five minutes is woefully inadequate and unambitious.' The new target would still leave 16 million people waiting more than five minutes, the committee's report pointed out. 'If there are significant increases . in customer contact, HMRC may need to put in additional resources to . avoid its performance plummeting, as it has in the past, let alone . improving as it should,' it concluded. HMRC's problems have happened despite spending £900million on customer service. Defence: HMRC said it has been answering more than 90 per cent of calls to its contact centres . The Commons public accounts committee welcomed planned improvements, including a call-back system and a move away from expensive 0845 numbers. A spokesman for the HMRC said: 'This report criticises a previous poor standard of service from which HMRC has already recovered. 'In the past three months, HMRC has been answering more than 90 per cent of calls to our contact centres and during the current year we have replied to 84.5 per cent of the 16 million pieces of post we have received within 15 working days. 'To make it cheaper for customers to call us, we already transferred our Tax Credits phone lines from 0845 to 0345 numbers, and will begin to move our remaining lines to 03 numbers from April.' We're sorry but reader comments are currently unavailable.","Taxpayers forked out £136 million waiting to speak to HMRC .
A quarter of the 79 million calls went unanswered last year .
Plans to close face-to-face centres could increase pressure ."
"By . Daily Mail Reporter . PUBLISHED: . 10:58 EST, 6 June 2013 . | . UPDATED: . 13:22 EST, 6 June 2013 . Chris Denning has been arrested by detectives investigating the Jimmy Saville scandal . A former Radio 1 DJ has been arrested by detectives investigating the Jimmy Savile scandal. Chris Denning, 72, was detained on Monday at a hostel in East London by officers working on Scotland Yard’s Operation Yewtree. Police said the suspect, whom they have not formally named, was questioned on suspicion of sexual offences. But today it emerged that the arrested man was Denning and that he was quizzed over ‘historic allegations’. It is understood he is not accused of any offences with Savile, a former colleague. Denning famously posed for a picture with a host of famous DJs for the launch of Radio 1 and Radio 2 in 1967. Among those alongside him were Tony Blackburn, Jimmy Young, Kenny Everett, Terry Wogan, Pete Murray, Ed Stewart and John Peel. After leaving Radio 1, Denning helped launched the career of Gary Glitter and later moved overseas. In recent times, he has been staying at a hostel for the homeless in East London, which the Mail is not identifying for legal reasons. There was no sign of him there on Tuesday or yesterday, but sources confirmed he had been a resident there. Scotland Yard said Denning, the 13th man to be detained by Yewtree, was arrested on Monday afternoon. He was later bailed to return pending further inquiries on a date in July. Last month the Mail revealed that comedian Jim Davidson is being investigated by Yewtree officers over claims he indecently assaulted a woman in the Falkland Islands in the 1980s. It is understood the ex-Radio 1 DJ is not accused of any offences with Savile (above), a former colleague . Detectives, are probing claims the 59-year-old comedian committed a sex offence during a concert tour after the Falklands War. The attack is alleged to have happened while the former Generation Game host was entertaining British troops. Davidson, 59, was originally arrested in January of this year over alleged sex offences in the UK. He denies all the allegations. Other arrested celebrities include, entertainer Rolf Harris, DJ Dave Lee Travis and comedian Freddie Starr. Disgraced pop star Gary Glitter has also been detained. They also deny any wrongdoing. Other arrested celebrities include DJ Dave Lee Travis (left) and entertainer Rolf Harris (right) PR guru Max Clifford has charged with 11 historic counts of indecent assault against teenage girls. The 70-year-old has vowed to clear his name, labelling the allegations “a load of nonsense”. Critics claim the Yewtree investigation has become a celebrity witch-hunt. But Yard chiefs insist it is fair and proportionate. At least one more celebrity is expected to face criminal charges in the coming weeks. Denning (third from right, middle row) famously posed for a picture with a host of famous DJs for the launch of Radio 1 and Radio 2 in 1967. Back row (l to r): Tony Blackburn, Jimmy Young, Kenny Everett, Duncan Johnson, Programme Controller Robin Scott, David Rider, Dave Cash, Pete Brady, David Symonds. Middle row (l to r): Bob Holness, Terry Wogan, Barry Aldiss, Mike Lennox, Keith Skues, Chris Denning, Johnny Moran, Pete Myers. Front row (l ro r): Pete Murray, Ed Stewart, Pete Drummond, Mike Raven, Mike Ahern and John Peel . The shot was recreated in 1997. Top row (l to r): Tony Blackburn, Jimmy Young, Robin Scott, Dave Cash, Pete Brady. Middle row: Bob Holness, Terry Wogan, Duncan Johnson, Keuth Skews, Chris Denning, Pete Myers. Front row: Pete Murray, Ed Stewart, Pete Drummond, Mike Ahern and John Peel . Sorry we are unable to accept comments for legal reasons.","Chris Denning, 72, was detained on Monday at a hostel in East London .
He was arrested by detectives investigating the Jimmy Savile scandal ."
"Russia is boasting that a long term spy in Nato country Estonia spilled secrets to Moscow from Britain's MI5 secret service and other Western intelligence agencies. His espionage meant that the KGB knew the scale of intelligence activities by the American National Security Agency in Europe long before Edward Snowden's disclosures, it was alleged. Soviet-era KGB officer Uno Puusepp was allowed to join Tallinn's KAPO secret service after the break-up of the USSR - and during at least a decade and a half as a double agent for Moscow, he went on to do significant damage to the UK, US and other European Union allies, claimed the documentary. Spy boast: Soviet-era KGB officer Uno Puusepp (pictured) was allowed to join Estonia's secret service after the break-up of the USSR - and went on to do significant damage to the UK, US and other European Union allies, the Kremlin claims . Mole: A trusted insider in KAPO, he had access to key Western secrets, Moscow says . A Russian documentary about Puusepp showed footage purporting to include classified correspondence from Western intelligence agencies including MI5 (pictured) He was revealed as the source of evidence in 2001 used to convict Valery Ojamae, a former Russian Foreign Intelligence officer, to seven years in jail after was accused of secretly working for the British and Estonian secret services. Pro-Kremlin television channel NTV, owned by Gazprom, revealed his role in a 40 minute film made in close co-operation with Vladimir Putin's FSB secret service. A trusted insider in KAPO, he had access to key Western secrets in the strategic Baltic region after he was recruited to bug communications through wiretapping, according to the programme which appeared to be used for propaganda purposes at a time of sour relations between Moscow and Tallinn. 'During this time, the FSB uncloaked several large-scale anti-Russian espionage and technical actions by the U.S, Swedish, British and other special services,' claimed the programme. Footage was shown purported to include classified correspondence from Western intelligence agencies including MI5. 'Several agents of foreign special services were convicted, and a leak was prevented of classified information via a device that was to be inserted into a Russian telecommunication cable [for] the technical penetration of the Russian Embassy in Tallinn.' The programme's narrator stated: 'There are few people in Russia who have done more for its security than the Estonian Uno Puusepp and his handler, former KGB officer Nikolay Yermakov.' Claim: The documentary said that 'owing to Puusepp, the scale of intelligence activities by the US National Security Agency in Europe became known before Edward Snowden came up with his disclosures' It alleged that Estonia was the 'weakest link' in the Nato intelligence system 'largely thanks to a modest KAPO officer, Uno Puusepp' who knew the details of Western recruitment of agents deployed against Russia, and on the surveillance of Moscow's diplomats. NTV said that 'owing to Puusepp, the scale of intelligence activities by the US National Security Agency in Europe became known before Edward Snowden came up with his disclosures'. His controller Yermakov claimed: 'In the entire period of Uno's work, I believe the Estonian security police's work against Russia was devalued by about 80 per cent.' Puusepp now living in Russia - was a selfless idealist who had 'always stressed that he did not want to harm Estonia as a state' and who had never received any money for the information he provided. The son of a KGB agent, he was inspired to spy for Moscow because of the 'Russophobia' and 'fascism' he saw in newly-independent Estonia. The film alleged Estonian intelligence services were incompetent and subservient to the United States. It alleged Russian-speaking Estonians were recruited to snoop on Russian defence facilities including a Sukhoi aircraft design bureau in Astrakhan Region. The former head of Estonian intelligence Raivo Aeg - dismissed by the NTV programme as 'a somewhat stupid drillmaster' - had handed Puusepp a tape of his conversation with a senior US espionage official who had warned of a Russian mole inside the Tallinn secret service. Fearing that his cover could soon be blown, Puusepp stayed in KAPO avoiding exposure, it was claimed. 'The Americans and the KaPo leadership hunted the traitor for several years.' But then they arrested the wrong man, Vladimir Veitman, also a former Estonian KGB officer, it was claimed. 'Of course, I was very surprised that instead of me it was my colleague Veitman who had been arrested - as far as I knew, he'd passed over absolutely no information,' said Puusepp. 'I was very surprised when they arrested my colleague, Veitman, who, as far as I knew, had not passed any information at all,' said Puusepp. Puusepp claimed to have gone public to highlight how Ukraine is now being cajoled into the Western world in an American plot to undermine Russia. 'I have a good memory of what happened in Estonia a little over 20 years ago. In principle, exactly the same things are happening in Ukraine,' he said. 'Under the banner of democracy and various values that all normal people respect, forces led by the Americans, dark forces, come to power, and there is just one enemy - Russia.' He is believed to have been active from around 1996 to 2011. Tallinn was today studying the claims.","Russia claims ex KGB agent Uno Puusepp was a double agent for them .
Kremlin says he joined Estonia's KAPO secret service after USSR break-up .
He did serious damage to UK, US and other European nations, it's claimed .
Pro-Kremlin television channel NTV revealed his role in a 40 minute film .
Moscow says his work meant Edward Snowden's files were redundant ."
"Palm Beach County, Florida (CNN) -- I am a U.S. Army veteran and I was once homeless and struggling with addiction. After I got out of the service, I was introduced to alcohol and drugs. I ended up on the street where I lived in drug houses, and saw shootings and crime of all types. The places I encountered when I was looking for a safe haven were no better than the streets. That's when the commitment in my heart to help homeless veterans was born. I've since dedicated my life to this cause. In 1994 I founded a nonprofit organization, Faith*Hope*Love*Charity, with another formerly homeless veteran, the late Donald Reed. In May 2000, the vision became a reality and the doors to Stand Down House, a transitional living facility for homeless male veterans, opened. After being named a Top Ten CNN Hero in 2009, I was able to complete my vision of providing a resource center that provides housing and services for women as well. About a quarter of homeless adults in this country are veterans, according to the National Coalition for Homeless Veterans, yet the Census shows veterans represent only 10 percent of the civilian population. Studies vary because homeless populations are difficult to count, but on any given night, from 107,000 to 300,000 veterans are homeless. In the early years, we were mainly helping older vets. Now, we are seeing younger men, some in their 20s, many who have served in the war on terror, needing help. They may have different struggles from the older vets, but they still benefit from the same camaraderie. These men are also struggling with mental and physical illnesses, addictions and other issues related to combat, service and life.  They also get help with the interpersonal problems they cause. We help them regain their lives, just like regained mine. I not only wanted to help homeless veterans, I wanted to help them before they became homeless, before they have to live through what I did. My charity in Palm Beach County, Florida, assists veterans, soldiers, and  their families by providing supportive services, financial assistance, housing, mental health service referrals and more. I do what I do because I am one of them. It's as simple as that. I practice what we are taught in the service, that no man should be left behind. We are still brothers-in-arms. Our ""First Stop Veterans' Resource Center,"" FSVRC, helps with emergency financial aid, referrals, VA-SSA benefit information, employment assistance, and more, regardless of where the veterans live or service members are stationed. The needs are vast. For example, in early 2008, foreclosure rates in military communities increased at four times the national average. Veterans lead the nation in homelessness, substance abuse, depression and suicide, according the secretary of the Department of Veterans Affairs. For veterans, especially those who have recently come back from active duty, the search for a job can be harder than it is for civilians. Skills learned in service or honed on the battlefield are not easily translated to the regular job market. Add to that the need for a period of readjustment to civilian life and dealing with physical and mental injuries. Earlier this year, the unemployment rate for both male and female vets from the wars in Iraq and Afghanistan was significantly higher than that of nonveterans, according to the Bureau of Labor Statistics. According to the Department of Veterans Affairs,  between 6,500 and 7,000 female vets in the United States are homeless, with almost nowhere for them to get help --  especially when compared with the number of facilities for homeless male veterans. It doesn't make sense when you look at the numbers. Women are four times more likely to end up homeless than their male counterparts. They make up around 15 percent of all veterans; 11 percent of Iraq War and Afghanistan War vets are women, 40 percent of active duty females have children, and 11 percent are single parents.  Many women are losing custody of their kids because of their active duty status  and deployment. Our First Stop Resource Center's housing program provides temporary housing and support services for these at-risk and homeless female veterans, with and without children, and families of soldiers and veterans. My commitment and my day does not end with my charity. I am a member of the Veterans Advisory Committee and Palm Beach County Veterans Task Force. I have helped with the burials of indigent veterans. I am also opening a local Veterans Court to help prevent veterans from cycling through the courts and to get them the help they really need. Many have resorted to drug use and other negative behaviors to deal with their combat and service experience, and wind up in our criminal justice system. In fact, I just got the news that our first case will be heard there on November 18. Helping our veterans and seeing them happy makes it all worth it. No man or woman will be left behind as long as we are this nation. That is why I do what I do 24-7-365. Isn't that what our veterans have done and continue to do for all of us? The opinions expressed in this commentary are solely those of Roy Foster.","Army veteran Roy Foster struggled with addiction and homelessness .
He could find no safe haven and decided to turn his life around and help other homeless vets .
A quarter of homeless adults are vets, and need mental, physical, re-entry help, he says .
Foster co-founded center to provide shelter and services for homeless vets and families ."
"By . Jason Groves and Martin Robinson . PUBLISHED: . 19:24 EST, 12 November 2012 . | . UPDATED: . 12:25 EST, 13 November 2012 . 'Unjustifiable': Pressure is mounting on George Entwistle to hand back some of his £450,000 pay-off . Failed director general George Entwistle's 'obscene' £450,000 pay-off was signed off by a BBC Trust boss as she watched Strictly Come Dancing, it has been revealed. Lord Patten telephoned his deputy Diana Coyle during the hit show on Saturday evening and they agreed that Entwistle should get double what he was entitled to if he did the 'honourable' thing and quit. After the £1.3m deal was done, which also included a £877,000 pension pot, Ms Coyle went back to watching dancers like Denise Van Outen, Fern Britton, Kimberley Walsh, Michael Vaughan and Louis Smith, the BBC Trust confirmed to MailOnline. Entwistle's pay deal has caused huge controversy and the admission the offer was sealed in this way could cause more damage to the BBC. 'Diane Coyle was consulted on Saturday evening as a member of the Remuneration Committee.  During the broadcast of Strictly Come . Dancing she took a call from the Chairman for this and then returned to . watching television afterwards,' a BBC Trust spokesperson said. 'There was not a formal meeting of the Remuneration Committee but each member of the Committee was consulted.' Ms Coyle is married to BBC technology correspondent Rory Cellan-Jones and was economics editor for The Independent for eight years. Meanwhile the BBC was locked in an extraordinary standoff with Parliament and Downing Street last night over the ‘unacceptable’ £450,000 double pay-off to the former director general. MPs on all sides voiced outrage over a ‘reward for failure’ as it emerged Mr Entwistle had been paid double the cash he was entitled to in order to ‘conclude matters quickly’. Labour’s deputy leader Harriet Harman urged Mr Entwistle to give up half his pay-off – £225,000 – saying it was impossible to justify. Deal: BBC Trust vice chairman Diana Coyle was called by her boss Lord Patten during Strictly - they agreed on Entwistle's deal and then she went back to watching the show . Strictly business: Fern Britton stunned the judges with her routine on Saturday - an episode watched by Diana Coyle as she helped agree George Entwistle's pay deal . Strictly one payoff: Diane Coyle, Lord Patten's deputy, sent this Twitter picture as she prepared to watch reality show Strictly Come Dancing and sign off former director general George Entwistle's £450,000 pay off . Deputy Prime Minister Nick Clegg also said it was difficult to justify, saying today: 'Mr Entwistle was offered this money, he did not need to take it.' He told ITV's Daybreak that it was 'up to the BBC to justify, as Lord Patten sought to, why they took the decision'. Mr Entwistle resigned on Saturday night, saying he was doing the ‘honourable’ thing by taking responsibility for Newsnight’s disastrous investigation into child abuse. Royal Opera House chief executive Tony Hall is said to be the early favourite to replace George Entwistle as the next director general. Hall joined the BBC as a trainee after graduating from Oxford and helped launch BBC Parliament, Radio 5 Live and by 34 was editing the 9 O'Clock News. He then went on to hold several senior executive roles before going to the Royal Opera House in 2001 - two years after a failed application to be director general. He did not apply last time but an insider said he is 'respected inside and outside the BBC' and could be ideal to steady the ship. His pay-off came after just 54 days in the job, making it worth more than £8,000 for every day he served. He also leaves with an £877,000 pension pot. But Culture Secretary Maria Miller told MPs it was ‘not right’ for Mr Entwistle to be handed such a massive pay-off and urged him to ‘consider whether it is appropriate for him to accept those payments’. Mrs Miller, who invited the National . Audit Office to investigate the deal said it was a ‘reward for failure’, . adding: ‘The circumstances of his departure make it hard to justify the . level of severance money agreed.’ Ministers . say they are powerless to block the payment but hope to shame Mr . Entwistle into giving up part of it, as they did with the vast pension . owed to Royal Bank of Scotland boss Fred Goodwin. A Downing Street source said the . payment was ‘hard to justify’, adding that it was now ‘a matter for . George Entwistle’s conscience’. Earlier, . the BBC chairman Lord Patten claimed the decision to hand Mr Entwistle a . pay-off worth a year’s salary was necessary to ensure his swift . resignation and co-operation with a series of internal inquiries. Outraged: Labour’s deputy leader Harriet Harman, left, and Culture Secretary Maria Miller, right, told MPs it was unacceptable for disgraced George Entwistle to keep all of his £450,000 pay-off . Mr Entwistle’s contract entitled him . to only six months’ severance pay if he resigned. But Lord Patten . suggested that Mr Entwistle would have been sacked if he had refused to . quit – in which case he would have been entitled to a 12-month pay-off. Lord . Patten’s explanation irritated Downing Street and led to fresh calls in . Parliament for his resignation. In other developments: . ■ . An official report by Ken MacQuarrie into the disastrous Newsnight . investigation said the programme failed to complete ‘basic journalistic . checks’, . ■ The BBC’s director of news, Helen Boaden, and her deputy, Stephen Mitchell, ‘stepped aside’, . ■ . Boris Johnson called on Lord Patten to apologise ‘on his knees’ to Lord . McAlpine, the former Tory Treasurer smeared by Newsnight, . ■ . The Corporation’s new acting director-general Tim Davie, a former Pepsi . marketing man turned up tieless on the second day of the job –but . pledged to ‘get a grip’ of the crisis. He refused to be drawn on Mr . Entwistle’s pay-off, . ■ Iain . Overton, head of the Bureau of Investigative Journalism, which helped . Newsnight produce the child abuse report, resigned from his post, . ■ . Labour’s deputy chairman Tom Watson was urged to apologise for using . Parliamentary privilege to make separate claims that a senior Tory was . involved in child abuse. Humiliation: George Entwistle, flanked by BBC chairman Chris Patten, announces his resignation to the media over the 'unacceptable' Newsnight broadcast which wrongly implicated a senior former Conservative in a child abuse scandal . During an emergency debate in the Commons four MPs called for Lord Patten to go. Philip Davies, a Tory member of the Commons culture, media and sport committee said the former Conservative Party chairman had been ‘asleep at the wheel’. Labour MP John Mann said Lord Patten should be sacked to allow the BBC to ‘move on’. Tory MPs Peter Bone and Philip Hollobone also called for him to go. Mrs Miller, who is privately dismayed by Lord Patten’s slow response to the crisis, suggested his job was safe for now, saying it was ‘in the long term interests of the BBC to have a period of stability’. She said Lord Patten had ‘a key role in ensuring this crisis is handled successfully’. Tory MPs David Nuttall and Justin Tomlinson said the crisis of trust raised questions about the future of the licence fee. Mr Nuttall said: ‘This latest debacle will bring forward the day when the British people will have the freedom to decide for themselves whether to pay for the BBC.’ Other MPs insisted the crisis must not be used as an excuse to dismantle a much-loved institution. Senior Tories claimed an anti-Conservative bias within the BBC helped explain the haste with which Newsnight attempted to ‘smear’ members of the Thatcher government without proper checks. MP Conor Burns described the Newsnight investigation as a ‘vengeful and spiteful’ attack on Lady Thatcher and her legacy. Boris Johnson called for everyone involved in the broadcast to be sacked immediately. He said the false claim that a senior aide to Lady Thatcher had been involved in child abuse was ‘like a dream come true for any vaguely resentful and left-of-centre BBC producer’.","Lord Patten's deputy Diana Coyle spoke to her boss on the phone about the deal with Strictly on in the background .
'During Strictly Come .
Dancing she took a call from the Chairman and then returned to .
watching television afterwards,' a BBC Trust spokesperson said .
MPs on all sides voiced outrage over a 'reward for failure' as it emerged George Entwistle was paid double the cash he was entitled to .
Mr Entwistle's pay-off came after just 54 days in the job .
Golden goodbye is worth more than £8,000 for every day he served .
Nick Clegg says pay-off 'difficult to justify' and 'he did not need to take it'
Royal Opera House boss Tony Hall early favourite to be next DG ."
"In June, after five years living in France, rugby golden boy Jonny Wilkinson finally put his seven-bedroom Northumberland mansion on the market. But six months later the property still hasn't shifted, and the retired fly-half has now slashed the price by  £305,000 to £1.195m. The reduction comes amid rumours that Jonny is moving back to the UK and he has been spotted house hunting in the Wiltshire countryside. Jonny Wilkinson first put the luxury home on the market for £1.5m but it has now been reduced to £1.195m . The beautifully 19th-century property is set in five acres of gardens and grounds and is next to a golf course . The beautifully appointed kitchen and breakfast room has wood-beamed ceilings and wooden floors . The beautiful 19th-century property is set in five acres of gardens and grounds and is conveniently placed next to a golf course, perfect for anyone with a penchant for sport. And that's not all on offer to sport fanatics - the property has its own heated swimming pool and adjoining leisure complex with a sauna and gym, which Wilkinson built in 2004 after being injured. The star has credited his home leisure facilities for saving his career. 'My whole life was about doing rehab and gym work to try and stay fit and get back into my job. It became a bit of a retreat almost,' Wilkinson (pictured above in the gym) said of his home . The property has its own heated swimming pool and adjoining leisure complex with a sauna and gym . 'When I went through my injury period between 2004 and 2007, I just couldn't stay fit and I was struggling,' the star explained when he first put his house up for sale. 'It was then I decided to extend the property to include space for a gym and a swimming pool. 'It kind of saved my career. My whole life was about doing rehab and gym work to try and stay fit and get back into my job. It became a bit of a retreat almost.' Jonny has also spoken about how much the house means to him. The retired fly-half (pictured in the kitchen of the 19th-century mansion) said: 'The house is very special to me as it's where I spent the mainstay of my rugby career' On the market: Inside the master bedroom at the rugby star's home . The lounge, pictured above, has double doors out onto the garden . 'The views go on forever. It's that kind of thing that I'm going to miss. It's that beautiful and that much of a privilege to live here,' he said. 'But at the same time, it's one of those things when suddenly your life takes shape in front of you and you have to move on. 'The house is very special to me as it's where I spent the mainstay of my rugby career.' The rugby star at the gates of the paddocks, one of the special features of the five-acre estate . The hall (above) has exposed stone walls and the house has wooden features throughout . 'The views go on forever. It's that kind of thing that I'm going to miss,' said Wilkinson of the property . The property, which has been update throughout in classic style, has five spacious reception rooms, seven large bedrooms, two with en-suites, and a further three bathrooms. The beautifully appointed kitchen and breakfast room has a wood-beamed ceilings, exposed brickwork on the wall and wooden floors. Upstairs, the main bedroom is big enough to practice rugby in and, of course, has a large luxury  bathroom en-suite. Rowan Tree Grange, Northumberland, is for sale through Foster Madison at a guide price of £1.195m.","Retired rugby star put seven-bedroom mansion on the market in June .
Six months later the property has now been reduced .
Rumours that former fly-half is house hunting in Wiltshire .
The beautiful 19th-century property is set in five acres of grounds ."
"Sheffield United captain Michael Doyle accepts his side must lift their game to an even higher level if they are to pull off another upset in their two-legged Capital One Cup semi-final against Tottenham. But the Irish midfielder insists if the tie is still alive after Wednesday night's first leg at White Hart Lane, Nigel Clough's cup specialists will have ""a brilliant chance"" in the return leg at Bramall Lane. Clough's Sky Bet League One side have beaten West Ham and Southampton to reach the last four and if that was not enough to serve Tottenham with a big enough warning, the Blades' exploits in the FA Cup these past two seasons add extra credence to their latest challenge. Club-captain Michael Doyle accepts his side will have to be at their very best to beat Tottenham Hotsput . ""There's a lot to play for and I'm sure Tottenham will be fired up,"" Doyle said. ""They'll look at our previous results and performances in other cup games and I'm sure they'll take note of that. ""They won't underestimate us, especially as we've come so far and they'll be looking to finish it in the first leg, so we've got to be on our guard. ""I just hope we can keep the tie alive. If we can, coming back to Bramall Lane will give us a brilliant chance."" Nigel Clough, manager of Sheffield United, has already beaten Premier League outfit twice in the competition . Doyle led the Blades out at Wembley in last season's FA Cup semi-final defeat to Hull - Aston Villa and Fulham were beaten along the way - while this year West Ham and Southampton, in the Capital One Cup, and QPR, in the FA Cup, have all been despatched. When asked to account for the Blades' imperious cup form, Doyle added: ""I haven't got a clue to be honest with you, but since the Aston Villa game we've embraced everything about the cups and these ties. ""We've gone out with no fear in them and produced some of our best performances in a long time. ""The cup games have left people scratching their heads and asking why we can't replicate that form in the league. Players celebrate after Doyle scores the winning penalty in a penalty shoot out against West Ham United . ""In the league games we probably have the ball as much but we sit back and counter-attack in the cup games a bit more, whereas teams probably do that to us in the league. ""It's quite difficult to play against if you do it right. We've found it difficult to play against at times, but we do it quite well ourselves, which we've shown against the Premier League teams. ""We're at the serious end of the cup now and probably nobody else will give us a chance, but our fans have seen the performances we've put in and they'll be expecting us to go down there and have a go."" Centre-half Chris Basham could go straight back into the starting line-up following his three-game ban, but midfielder James Wallace and Ben Davies (foot) are not expected to be involved and Ryan Flynn remains doubtful after missing Saturday's defeat at MK Dons due to an Achilles problem. Ryan Flynn (right) is a doubt for the game having missed Saturday's defeat by MK Dons .","Club captain wants to bring the tie back to Bramall Lane very much alive .
Sheffield United beat West Ham and Southampton earlier in the tournament .
Michael Doyle tasted defeat in semi-final against Hull last season .
Ryan Flynn, Ben Davies and James Wallace could miss the game ."
"From Devonian period, before  species walked on land 370m years ago . By . Amanda Williams . PUBLISHED: . 09:12 EST, 28 March 2013 . | . UPDATED: . 05:36 EST, 29 March 2013 . Scientists have discovered a prehistoric species of armoured predatory fish with 'legs' in a 370million year old fossil. Archaeologists uncovered the ancient creature while studying sandstone deposits in a section of road in north central Pennsylvania. It is believed to be from the late Devonian period, at a time . long before dinosaurs walked the Earth – but, geologically speaking, not . long before the very first species began to walk on land. Scientists have discovered a prehistoric species of armoured predatory fish with 'legs' in a 370million year old fossil . The creature is believed to be from the late Devonian period, at a time long before dinosaurs walked the Earth . Fossils of armored fishes like this one, a phyllolepid placoderm, are known for the distinctive ornamentation of 'leg-like' ridges on their exterior plates. Using a method more familiar to crime scene investigators, Dr . Ted Daeschler, of Drexel University, managed to create a copy of the . fossil with a rubber cast made by pouring latex into its natural . impression in the rock. This is a dorsal view of the dermal armor of the newly identified fossil fish species, Phyllolepis thomsoni . Placodermi is an extinct class of armoured prehistoric fish, known from fossils, which lived from the late Silurian to the end of the Devonian Period. Their head and thorax were covered by articulated armoured plates and the rest of the body was scaled or naked, depending on the species. Placoderms were among the first jawed fish; their jaws likely evolved from the first of their gill arches. A 380-million-year-old fossil of one species represents the oldest known example of live birth . This placoderm, named . Phyllolepis thomsoni, is one of two new Devonian fish species presented by Daeschler in the Bicentennial issue of the Proceedings of the Academy . of Natural Sciences of Philadelphia. The other new species is a lobe-finned fish discovered in northern Canada. Once the latex hardened, Dr Daeschler peeled it out and dusted its surface with a fine powder to better show the edges of the bony plates and the shapes of fine ridges on the fish's bony armor – a lot like dusting for fingerprints to show minute ridges left on a surface. Dr Daeschler and colleagues were then better able to prepare a detailed scientific description of the new species . Dr Daeschler has dug for Devonian species in Pennsylvania since 1993, and in northern Canada since 1999. His work helps to explain how the first vertebrate species with limbs evolved. The Phyllolepis thomsoni,species has been named in honor of Dr. Keith S. Thomson, a colleague of Dr Daeschler.","Ancient creature discovered while studying sandstone in a section of road .
From Devonian period, before  species walked on land 370m years ago ."
"Murdered: Christiane Remacle was savagely beaten and raped, and her clothes had been ripped off, apart from one of her stockings . For the family of 19-year-old Christiane Remacle, the unending torment began on New Year’s morning 25 years ago. Entering their daughter’s room to wish her seasonal greetings and ask about the party she’d attended the night before, her parents found her bed empty and undisturbed. As Christiane had never stayed out overnight without telling them, they immediately sensed something was wrong. But when they tried to find out what had happened to the teenager — a pretty, bright girl who was ‘the apple of their eye’, according to her older sister, Annie — her friends were baffled. They’d last seen her setting off to walk home, they said. It was not until mid-January of that year, 1989, that the grim truth emerged. A police search had failed to find Christiane, but her body was discovered by a hunter, in a forest close to the party venue, in Antwerp, Belgium. She had been savagely beaten and raped, and her clothes had been ripped off, apart from one of her stockings. The other, which had been used to strangle her, was still wrapped around her neck. There was one obvious suspect. Then 25, Frank Van Den Bleeken had already committed a string of serious sexual offences, yet thanks to Belgium’s scandalously lenient justice system, he had been freed from jail and was prowling his old haunts again. Desperate to keep his liberty, he denied the murder, and it was only when he was confronted by his mother that he confessed. Cunning as ever, Van Den Bleeken convinced a judge he was insane, and was sent to a secure institution — a decision which satisfied Christiane’s family, since they believed he would be locked away for many years. Disgracefully, the burly sex fiend was freed after just seven years, whereupon he brutally attacked three more victims within a few weeks (one was just 11 years old) before, finally, he was locked away indefinitely. This was in the mid-Nineties. Since then, Christiane’s parents, Gustaaf and Mary, have both died, effectively killed by their grief, their family believes. But Van Den Bleeken, 50, has also been suffering — at least, that is, if we believe his lawyers. Unable to escape his overwhelming predatory urges, and denied the psychiatric treatment that might help him, they say, he has endured terrible mental anguish at the prospect of being trapped with his thoughts for ever. Controversial: Van Den Bleeken's lawyers argue that the 50-year-old has also been suffering in jail . Indeed, they have been arguing in the Belgian courts for the past three years that so unbearable is his existence that he ought to be allowed to end his life — or rather, have doctors end it for him, by a lethal injection — under the country’s liberal euthanasia law. It is rather like Ian Huntley, say, or Rosemary West, asking a British judge for the right to die because they could no longer tolerate life inside their top-security prisons. Just imagine the outcry among both the public and their victims. Remember the furore when Ian Brady tried recently to win permission to move from a secure hospital to prison, so that he could starve himself to death without being stopped by staff. In Belgium, however, as in neighbouring Holland, whose dubious moral and ethical values have permeated across the border, they do things very differently from the rest of Europe. Unlike the assisted dying bill being proposed in Britain, which would give terminally ill people the right to end their lives, and only in the rarest of circumstances, the rules in the Lowland countries are considerably more lax. ‘Unbearable suffering’ is the vague yardstick by which it is permitted. Recently, Belgium even sanctioned euthanasia for children, and last year more than 1,800 people were granted permission to commit suicide — a 27 per cent increase on 2012. Thus, to the disbelief of Christiane’s surviving relatives, this week her killer’s death-wish was finally granted. In ghastly contrast to the suffering he caused his victims and their loved ones, Van Den Bleeken’s end will be pain-free and quick. Early next week, when the final legal formalities have been completed, he will be allowed to spend two days saying his goodbyes to family and friends. Then, in a pleasant hospital room, he will be sent into an everlasting sleep. ‘The process is very simple,’ says a source close to the case. ‘There is no question of any pain. Chemicals are injected into the body, creating a feeling of relaxation, then he will drift into unconsciousness and life will stop. It is utterly humane.’ Van Den Bleeken is in a secure unit in Bruges with some 150 other patients, and his lawyer told the Mail last night: ‘It is unbearable for him. He hears the other patients shouting and crying all day and night, and cannot live with it. ‘He knows he could live for another 30 years — he’s in a good physical state, but his mind is dead. He has stopped walking, as he used to do, and just sits in his cell all the time. He does, however, go to mass once a week. He has become very religious. Plea: It is rather like Ian Huntley (right) or Rosemary West (left), asking a British judge for the right to die because they could no longer tolerate life inside their top-security prisons . ‘He knows he’s made mistakes and in his own mind he doesn’t deserve to be alive.’ The Antwerp-born killer hails from a traditional Belgian working-class Roman Catholic family, an irony given the Catholic Church’s strong opposition to euthanasia. He claims he, too, was raped, when he was 15. Of course, there will be some in Britain who take a cynical view of Van Den Bleeken’s victory. They will point out that there are 11,500 sex offenders in our prisons: one in eight of all inmates. The cost of keeping them off the streets is more than £50,000 per prisoner: a staggering £575 million. If they are really so keen to expunge themselves, why not let those who are seeking an easy way out of their punishment do the taxpayer a favour? Yesterday, however, campaigners on either side of the debate were almost universal in their condemnation of the decision to allow Van Den Bleeken to end his life when he chooses. Christiane Remacle's family can barely believe that Van Den Bleeken (pictured) has been spared a possible 30 or 40 more years of incarceration . According to Dan Boucher, director of parliamentary affairs for the Christian charity CARE, which opposed the UK bill, it proves that, having opened the doors to assisted suicide 12 years ago, Belgium has already slid dangerously far down the slippery slope. Indeed, during the 24 hours since the Van Den Bleeken judgment was handed down, at least 15 more Belgian prisoners have lodged right-to-die requests with the country’s Federal Euthanasia Commission, and many more are expected to follow. ‘Once a country embraces the culture of death with its laws, then it’s not surprising that legality should start to widen the categories of people who can access it,’ Dan Boucher told me. ‘If we allow a sex offender to end his life, then who comes next?’ Who indeed. The respected medical ethicist Dr Helen Watt puts it this way: ‘We should never agree with a suicidal prisoner, or any other suicidal person, that his life is not worth living. Those who are rightly being punished for their crimes should receive proper health care, and their doctors should not be co-opted for procedures that are the very reverse of healthcare. ‘This is not capital punishment, but is billed as a “medical procedure” based on the prisoner’s low sense of self-worth. It is a clear sign of the slippery slope in euthanasia.’ Dr Iain Brassington, meanwhile, a senior lecturer in bioethics at Manchester University Law School, takes a different view. He says the issue hinges largely on whether society sees the purpose of prison as retribution or rehabilitation, and whether a prisoner committing suicide could truly be said to be ‘cheating justice’. Those who have suffered at Van Den Bleeken’s hands have no truck with such intellectual debate. Though his lawyer portrays him as remorseful, and attributes his personality disorder to a disturbed childhood which saw him placed in care at six, they can barely believe that he has been spared a possible 30 or 40 more years of incarceration. ‘Commissions, doctors and other “experts” have all investigated the highs and lows of our sister’s killer,’ Annie Remacle said yesterday. ‘And during all these years, not a single commission has examined the case of our parents’, or ours. ‘Not a single doctor or expert has asked us how we are. Now his lawyers say how much their client suffers! Well, we are suffering, too.’ Quite so, and for all those who loved the pretty young woman who went to a New Year’s party and never returned, there is no easy escape from the agony. Additional reporting: PETER ALLEN .","Frank Van Den Bleeken confessed to the murder of Christiane Remacle .
The 50-year-old also committed a string of sexual offences in Belgium .
He was locked away indefinitely but claims he has been suffering mentally .
Argues anguish is so unbearable that he should be able to end his own life .
This week the killer's death wish was finally granted ."
"By . Daily Mail Reporter . PUBLISHED: . 12:59 EST, 3 January 2014 . | . UPDATED: . 13:00 EST, 3 January 2014 . President Obama took a break from the golf course during his Hawaii vacation yesterday to make a brief visit to his grandfather's grave. The president, who has played eight rounds of golf since arriving on December 20, spent just four minutes at the grave of Stanley Dunham. His motorcade then left the National Memorial Cemetery and took Mr Obama and daughters Malia and Sasha to the zoo for a private tour. Flying visit: The presidential motorcade, pictured at the National Memorial Cemetery on a visit last year, dropped the First Family off briefly yesterday . Close: Barack Obama with his grandparents, Stanley Armour and Madelyn Lee Payne Dunham . It took 30 minutes for the First Family to be driven from their vacation home to the cemetery, where they stayed for just a few minutes, according to the Weekly Standard. Hero: Second World War veteran Stanley Dunham helped raise Obama . As he visited the grave, Mr Obama could not be seen by the press pool following him on the 17-day vacation. Mr Dunham became a father figure to the president as he was growing up, after his own father left. The Second World War veteran died, aged 73, in 1992. The White House pool report recorded the visit, stating: 'President Obama's motorcade made its way . to Honolulu, passing by stunning vistas while occasionally being slowed . by congested roads.' It added: 'After a 30-minute drive, Obama and daughters Sasha . and Malia arrived at the National Memorial Cemetery of the Pacific at . Puowaina Punchbowl Crater.' The family went on to Honolulu Zoo, . arriving just after 5pm for what is believed to have been a private . visit as the tourist attraction closes at 4.30pm. Earlier in the day the President was pictured playing golf with New Zealand Prime Minister John Key today. The . two leaders teed off on a sunny and breezy morning at a course at a . military base on Oahu, the Hawaiian island where Obama is renting a . vacation home. New Zealand media has reported that Mr Key owns a home in Hawaii. Scroll down for video . Leading the pack: Obama played with New Zealand's prime minister John Key (right) who has a house in Hawaii and was there for the holidays with his family, just like the Obamas . In the hot seat: President Obama generally plays golf with close friends, and on rare occasions, political allies, but Mr Key is now one of the few foreign leaders who can add his name to the list . The golf outing put Mr Key in rarified company as President Obama, an avid golfer, prefers to limit his playing partners to a close circle of friends and advisers. Among those who have also scored invitations to play with Mr Obama in the past are former President Bill Clinton and Republican House Speaker John Boehner. Rounding out the foursome Thursday were Max Key, the prime minister's teenage son, and Marvin Nicholson, Mr Obama's personal aide. Media access to Mr Obama's rounds is typically restricted, though reporters and photographers were permitted to briefly watch the two leaders Thursday. Looking for the win: The President has played eight rounds of golf during the family vacation .","First Family makes brief visit to Stanley Dunham's final resting place before private zoo tour .
Second World War hero was father figure to Obama when he was a boy .
Earlier in the day president played golf with New Zealand's prime minister ."
"(CNN) -- An eruption may not be imminent after all for Alaska's Mount Redoubt, authorities said Thursday. Fears that Alaska's Mount Redoubt would erupt have diminished. ""For the past two weeks or so, the seismic activity at Redoubt volcano has significantly decreased,"" said Michelle Coombs, a geologist for the Alaska Volcano Observatory and the U.S. Geological Survey. The status is now at a ""yellow"" level, meaning the volcano is ""exhibiting heightened or escalating unrest with increased potential of eruption, timeframe uncertain, or eruption is underway with no or minor volcanic-ash emissions."" In late January, experts began paying close attention to the volcano and raised the alert to ""orange,"" indicating that it could erupt at any time. ""We believe based on what we're seeing now, that if it were to erupt, that we would see enough increase in seismic activity to give us sufficient warning to go back up to orange,"" Coombs said. Two other volcanoes in Alaska are also at the ""yellow"" status currently, and Mount Redoubt could remain at that level for months, Coombs said. ""There's a certain level of unpredictability,"" she said. The 10,197-foot peak is located in southern Alaska, about 100 miles southwest of Anchorage, the state's most populous city. Mount Redoubt last erupted nearly 20 years ago, in December 1989. That eruption lasted until April 1990. CNN's Robyn Sidersky contributed to this story .","Scientists say it is now less likely that Alaska's Mount Redoubt will erupt .
An eruption at the volcano previously was thought to be eminent .
The 10,197-foot peak is located about 100 miles southwest of Anchorage .
Scientists say an eruption is still possible, but is not certain ."
"(CNN) -- An autopsy on comedian Joan Rivers has been completed, but more studies will be needed to determine the cause and manner of her death, New York City medical examiner's office spokeswoman Julie Bolcer said Friday. Rivers, 81, died in a New York hospital Thursday afternoon, a week after suffering cardiac arrest during a medical procedure, her daughter said. Rivers had been on life support at Manhattan's Mount Sinai hospital, where she was taken after she stopped breathing at the Yorkville Endoscopy clinic on August 28. Joan Rivers: A pointed, pioneering comedian . Rivers was undergoing an apparently minor elective procedure at the clinic when she suffered cardiac and respiratory arrest, according to the New York Fire Department. Paramedics took her by ambulance to Mount Sinai Hospital, about a mile from the clinic, where she was initially listed in critical condition. The outpatient clinic is now being investigated by the New York State Department of Health, spokesman James O'Hara said. Joan Rivers: In her own words . No criminal investigations are currently under way in Rivers' death, according to several New York law enforcement officials. The state health department is investigating whether there was any malpractice by the doctors and their staff, the same officials said. The Rivers family made very little information about her medical condition public, finally confirming Tuesday that she was on life support. ""My son and I would like to thank the doctors, nurses, and staff of Mount Sinai Hospital for the amazing care they provided for my mother,"" her daughter said. ""Cooper and I have found ourselves humbled by the outpouring of love, support, and prayers we have received from around the world. They have been heard and appreciated.' Melissa Rivers and her son Cooper have spent the past week by Rivers' hospital bedside, rushing there last Thursday when they learned of her illness. ""My mother's greatest joy in life was to make people laugh,"" Melissa Rivers said. ""Although that is difficult to do right now, I know her final wish would be that we return to laughing soon."" Share your memories . The clinic has not responded to repeated calls from CNN about the state's investigation. Yorkville Endoscopy's website says it is an ""ambulatory surgical center"" that has been ""approved by the Department of Health."" The description of its accreditations is blank. ""Yorkville Endoscopy is a state of the art facility, staffed by highly experienced endoscopists whose mission is to provide safe and compassionate care to patients and their families,"" the website says. Tributes from Joan's friends . The funeral for Rivers will be at Temple Emanu-El in Manhattan on Sunday, according to temple spokeswoman Elizabeth Fezrine. Details, including the time and if the public will be allowed to attend, are not yet known, she said. Tributes to Rivers and her long career included one from former first lady Nancy Reagan, whose close circle of friends included Rivers. ""Joan Rivers was not only a dear friend, but one of the kindest and funniest people I ever knew,"" Reagan said. ""I doubt there's anyone who hasn't laughed at her or with her until they cried. Today our tears are those of sadness. I know I join millions in saying, 'Thanks for the good times Joan, we will truly miss you.' My love and deepest sympathy go to Melissa and Cooper."" Former CNN host Larry King knew Rivers for 45 years. ""She knew no boundaries,"" King said. ""Everything was funny to her. You couldn't really object because she took no prisoners."" Hollywood mourns a friend . Donald Trump, who chose her as the winner on a season of ""Celebrity Apprentice,"" said Rivers ""was stronger at the end than she was at the beginning. She had unbelievable stamina."" Ryan Seacrest, who worked with her on E! shows, called Rivers ""a trailblazer in so many ways."" Liza Minnelli said Rivers was ""my dear friend."" ""I will miss her but I will always remember the laughter and friendship she brought into my life,"" Minnelli said. Opinion: Joan Rivers gave misfit girls permission to dream . E! and NBCUniversal, producers of Rivers' TV show ""Fashion Police,"" sent condolences to her family on ""this incredibly sad day."" ""For decades Joan has made people laugh, shattered glass ceilings and revolutionized comedy,"" the studio said. ""She was unapologetic and fiercely dedicated to entertaining all of us and has left an indelible mark on the people that worked with her and on her legions of fans.  She's been a much beloved member of the E! family for over 20 years and the world is less funny without her in it.  Today our hearts are heavy knowing Joan will not be bounding through the doors."" What Joan Rivers wanted at her funeral . People we've lost in 2014 . See more about the people of comedy at CNN Comedy. CNN's Marisa Marcellino, Susan Candiotti and Joan Yeam contributed to this report.","Further studies needed to determine cause, manner of death .
Rivers, 81, was undergoing a procedure at clinic; she suffered cardiac and respiratory arrest .
Rivers had been on life support at Manhattan's Mount Sinai hospital ."
"After a brutal day of injury news, England head coach Stuart Lancaster will have been heartened by the sight of Danny Cipriani looking fit and fresh during training on Tuesday. The Sale Sharks fly half looked in good spirits as he reported for training at England's training base at Pennyhill Park in Surrey. With Owen Farrell ruled out for the entire England RBS Six Nations with a ‘high-grade’ medial ligament strain, Cipriani will now contest the England No 10 shirt with Bath fly half George Ford and Northampton playmaker Stephen Myler. Sale Sharks fly half Danny Cipriani was originally called into England's Six Nations squad as injury cover . Cipriani, however, could now see some action against Wales on Febuary 6 following Owen Farrell's injury . Cipriani (left) has a word with England assistant coach Mike Catt during training at Pennyhill Park on Tuesday . Ford is set to retain his spot for England's Six Nations opener against Wales on Friday week after his superb displays against Samoa and Australia during the November Test series. Cipriani, however, will be targeting the back-up spot on the bench for the clash in Cardiff as he looks to build on his excellent form for Sale this season. Farrell joins Manu Tuilagi, Ben Morgan, Joe Launchbury and Courtney Lawes as long-term absentees for England while Saracens centre Brad Barritt suffered a knee injury during his side's 18-6 loss to Clermont in the European Champions Cup on Sunday. Leicester lock Geoff Parling and Northampton flanker Tom Wood are also in danger of missing the trip to the Welsh capital after suffering injuries last weekend. Farrell and Brad Barritt are set to miss England opening Six Nations clash because of injury .","Owen Farrell is set to miss the entire Six Nations campaign through injury .
Danny Cipriani has been in superb form for Sale Sharks this season .
George Ford, Cipriani and Stephen Myler will now contest the England No 10 shirt for the forthcoming tournament .
Ford is favourite to start against Wales in the Six Nations opener ."
"By . Gerard Couzens . Former cocaine addict and alcoholic Diego Maradona has set alarm bells ringing after a slurring speech to journalists outside a restaurant in Argentina. The soccer legend spoke at snail's pace and repeated himself as he appeared to struggle to finish his sentences after a restaurant meal with ex Veronica Ojeda. Maradona, who dumped his former girlfriend four months before she gave birth to their 18-month-old son Diego Fernando, is said to be heading for a reunion with the PE teacher. Scroll down for video . Diego Maradona, speaking to journalists outside a restaurant in Buenos Aires, where he appeared to be slurring and struggled to finish his sentences . Mr Maradona spoke out to criticise an arsonist suspected of starting a blaze which destroyed part of his dad's home, saying it was the work of a 'sick person' But it was his apparent state of intoxication outside Buenos Aires eatery El Corralon that caught the headlines as much as his tangled love life. Diego, 53, spoke out to criticise an arsonist suspected of starting a blaze which destroyed part of his father's home, saying it was the work of a 'sick person'. His impromptu speech sparked concern among fans who took to Twitter to voice their worry. One, Gonzalo Armagno, wrote: 'Cocaine destroys brain. Look at poor Maradona.' Another, Cecilia Molina, said: 'Shame on the person who got him hooked on cocaine.' The retired footballer's daughter Dalma, a staunch critic of Veronica Ojeda, even reacted to the furore by retweeting messages from fans and admitting she felt ashamed at the furore. One of her retweeted messages read: 'How bad Maradona looks. Hadn't he stopped drinking with Veronica Ojeda?' Another said: 'What's that woman with your dad doing by letting him speak. And she says she looks after him!!!' His impromptu speech sparked concern among fans who took to Twitter to voice their worry . Maradona is said to be heading for a reunion with his former girlfriend, who he has a 18-month-old son with . Mr Maradona was suspended from football for 15 months in 1991 after testing positive for cocaine. He allegedly began using the drug in Barcelona in 1983. He suffered a heart attack following a cocaine overdose in April 2004 and was admitted to intensive care in a Buenos Aires hospital. He underwent a stomach reduction op the following year in Cartagena, Colombia. In March 2007 he was re-admitted to hospital in Argentina and treated for hepatitis and the effects of alcohol abuse and ended up being treated in a psychiatric clinic specialising in alcohol-related problems. Soon after his discharge in May 2007, he appeared on Argentine television and said he had quit drinking and not used drugs in two and a half years. Before his dinner date with Veronica Ojeda, his girlfriend of eight years, Mr Maradona was linked to a pretty young journalism student after she published snaps of them together on her Instagram account. The 25-year-old blonde later denied rumours they were a couple, insisting they were only friends and she would never date 'a person of the age of my dad.' Maradona with his ex-girlfriend Veronica Ojeda, pictured in 2012, who he had been dining with before speaking to reporters outside the restaurant in Buenos Aires . The woman Mr Maradona dumped Veronica for, 24-year-old Rocio Oliva, is currently fighting extradition after the former footballer accused her of stealing more than £200,000 worth of valuables from his home in Dubai. Former womens' footballer Rocio was arrested at Buenos Aires' international airport earlier this month as she returned from Brazil where she watched the World Cup final. The blonde, who Maradona dumped at the start of the year following an argument over Manchester United goalkeeper David de Gea, insists she has done nothing wrong. Argentine papers say Veronica Ojeda, pictured kissing Mr Maradona at the end of their restaurant meal on Saturday, is considering moving to Dubai where the former footballer is now based. They are reportedly spending time together at her mansion near Buenos Aires' international airport. A friend of Mr Maradona's said: 'They are back together. Diego is renting a house in an upmarket neighbourhood on the outskirts of Buenos Aires but hardly ever goes there and is spending all his time at Veronica's place. 'They still haven't made a decision about Dubai but they are talking about returning there together.'","Former footballer spoke at a snail's pace and struggled to finish sentences .
Was speaking to journalists after dining at a restaurant in Buenos Aires .
Spoke out to criticise a suspected arson attack on his father's home .
Was joined by his ex-girlfriend Veronica Ojeda, who he has a young son with .
Fans took to Twitter to voice their concern over his impromptu speech ."
"By . Sarah Griffiths . PUBLISHED: . 12:27 EST, 3 January 2014 . | . UPDATED: . 12:44 EST, 3 January 2014 . The Smithsonian collection contains some of the world’s most precious natural specimens and historical artefacts, from prehistoric fossils to Lincoln’s life mask and Amelia Earhart’s air suit, but it is impossible to put them all on display. Now the museums have embarked on an ambitious project to catalogue important pieces from their collections in 3D and you can browse exhibits online from the comfort of your armchair. The X3D collection features objects that highlight different applications of 3D capture and printing, and it is envisioned that the archived digital items will be used for research, education and conservation. Scroll down for 3D models . The X3D collection features objects from the Smithsonian collection  that highlight different applications of 3D capture and printing, including a cosmic Buddha. The statue is covered in low-relief etching that can be most clearly seen using 3D scanning technology . Objects among those scanned in 3D are a woolly mammoth fossil and the Wright Flyer, which is the first successful powered aircraft, designed and built by the Wright brothers, who flew it four times in December 1903 in North Carolina. The scan of the aircraft allows users to explore the fine details of the artefact, so they have a new way of understanding the principles of flight without visiting the National Air and Space Museum in Washington DC. A Cosmic Buddha, on show at the Freer and Sackler Galleries, also in Washington DC, enables people to see the amazing relief etchings, of which scholars have traditionally made rubbings to study. The Smithsonian has embarked on an . ambitious project to catalogue important pieces from the collections . in 3D that can be accessed online, including Amelia Earhart's air suit (left) and a life mask of Lincoln (right) Like all fully enlightened beings, the life-size limestone figure is wrapped in the simple robe of a monk, but what makes the exhibit exceptional is the narrative scenes that cover its surface, which are based upon the lives of the historical Buddha. Experts said 3D scanning alongside other imaging techniques, can give more clarity to the designs. To capture the detail of a large whale fossil, Smithsonian palaeontologists documented skeletons from a site in Chile’s Atacama Desert to get data about the arrangement and condition of the skeletons before they were removed. The Smithsonian X 3D explorer contains a number of tools for examining the objects so that users can rotate exhibits, such as the National History Museum’s Woolly Mammoth, take measurements and adjust colour and lighting to see detail as well as possible. The Smithsonian X 3D explorer contains a number of tools for examining the objects so that users can rotate exhibits, such as the National History Museum's Woolly Mammoth, take measurements and adjust colour and lighting to see detail as well as possible . The iconic mammal of the Ice Age which went extinct 10,000 years ago can be viewed in 3D. The scan of the composite skeleton allows scientists to study the biomechanics and palaeobiology of very large mammals, whose bones are cumbersome and logistically difficult to manipulate in real life. The 3D model of Kansas-born Amelia Earhart’s flight suit allows people to look inside to see the manufacturer, Arnold, Constable & Company, of Paris and New York’s label. Ms Earhart became the first woman to cross the Atlantic Ocean by plane I 1928, accompanying pilot Wilmer Stultz in a Fokker tri-motor from Newfoundland to Wales. In 1932 she flew alone, from Newfoundland to Ireland and earned worldwide acclaim by becoming the first woman to fly solo across the Atlantic. A scan of Liang Bua Cave - a research site on the Island of Flores, Indonesia. The fossil species Homo floresiensisathe ahobbita was discovered there in 2003 and Smithsonian archaeologists have been excavating the cave since 2010 to understand more about the time . A copy of a cast of Lincoln’s gaunt face that was taken a day before his 56th birthday by sculptor Clark Mills, has been recorded with a 3D scanner. Life masks were popular in the 19th Century and throughout the Civil War Lincoln wanted to make himself visible to the American people and show how the war had aged and tired him. A ‘storytelling’ feature on the website means that visitors to the website can take guided tours of objects with Smithsonian curators. Objects among those scanned in 3D are a Woolly mammoth fossil and the Wright Flyer (pictured), which is the first successful powered aircraft, designed and built by the Wright brothers, who flew it four times in December 1903 in North Carolina . Günter Waibel, the director of the . Institution’s Digitisation Programme Office said the 3D technology is . being used to make museum collections and scientific specimens more . widely available for anyone to use and study. ‘Smithsonian X 3D explorer and the initial objects we scanned are the first step in showing how this technology will transform the work of the Smithsonian and other museums and research institutions,’ he said. The Smithsonian collection comprises 137million objects, artworks and specimens and capturing the entire collection in 3D at a rate of one item every minute would take over 260 years if experts worked around the clock. The scan gives an insight into the excavation of a whale fossil from Cerro Ballena, a palaeontological site in Chile. Smithsonian experts captured vital data about the arrangement and condition of the skeletons discovered before they were moved . The group of museums aim to digitalise 10 per cent of their collections, just one per cent of which are on display to the public. The project will enable people to examine rare archived items they have never been able to see before, which will also benefit scientists and researchers. A 3D scan of David Livingstone's gun. The explorer of Africa was not a skilled shooter and missed a lion, resulting in his arm being mauled, before his assistant felled the beast.The gun in this model is not that same shotgun, but it was Livingstone's at the time of his death from dysentery in 1873 .","Smithsonian has embarked on an ambitious project to catalogue important pieces in 3D for scientists and the general public to access online .
The digital items will be used for research, education and conservation .
X 3D explorer lets users rotate exhibits and adjust colour and lighting ."
"(CNN)  -- Last year, the bus in which a young Congolese woman we met named Mary was riding was stopped by a militia. ""They wanted to all have me, to rape me,"" she related haltingly to us. ""I told them no, and then they took off my shirt and beat me. I have terrible marks now."" Mary's story is similar to hundreds of thousands of women's experiences in the eastern Democratic Republic of the Congo, where rape is routinely ""deployed"" as a weapon of war by the armed groups fighting over a nation that has some of the richest nonpetroleum natural resource deposits in the world. Congo holds the numbing distinction of being home to the deadliest war in the world since World War II -- with more than 5.4 million people killed during the past 15 years. ""This war is caused by the minerals,"" Mary told us. ""Those [armed groups] control the minerals. I hear that they are used in mobile phones. ... If you talk to Obama or the phone companies, tell them what happens here."" Armed groups in eastern Congo that control minerals, mines and trading routes generate an estimated $180 million each year by trading four main minerals: tin, tantalum, tungsten, and gold. This money enables the armed groups to purchase large numbers of weapons and continue their campaign of brutal violence against civilians. Conflict minerals are key components in the manufacture of cell phones, laptops, digital cameras, video games and portable music players. Because of increasing awareness of the links between electronics products and the worst sexual violence in the world, change is afoot. During U.S. Secretary of State Hillary Clinton's visit to eastern Congo in August, she said: ""With respect to companies that are responsible for what are now being called conflict minerals, I think the international community must start looking at steps we can take to try to prevent the mineral wealth from the DRC ending up in the hands of those who fund the violence here."" The U.S. Congress has also initiated a strong bipartisan effort to curb the conflict minerals trade. Senate and House bills on this issue represent a significant step toward having conflict-free cell phones and laptops by setting up a system of audits and minerals-tracing mechanisms. This would reveal which phones and laptops contain conflict minerals and which ones do not. Introduced by Sens. Sam Brownback (R-Kansas), Russ Feingold (D-Wisconsin) and Dick Durbin (D-Illinois) on the Senate side, and Reps. Jim McDermott (D-Washington), Frank Wolf (R-Virginia), Barney Frank (D-Massachusetts) and Donald Payne (D-New Jersey) on the House side, the bills already have the support of powerful committee chairmen but still must be moved through committee. With the Obama administration and Congress taking a strong interest in this issue, and activist campaigning building some momentum, companies have begun to react. The tin industry has gone the furthest by introducing an initiative to increase due diligence and trace minerals on the ground in Congo. Electronics companies also have a project under way to map out supply chains. And Intel, HP, Dell, and Motorola are hosting a meeting with activists on conflict minerals in San Francisco, California, this month. But it is not enough. Campus activists -- from New York; to Knoxville, Tennessee; to Nevada -- are taking up this issue with increased vigor, along with major faith-based groups, from the U.S. Conference of Catholic Bishops to Jewish World Watch. Are the government and company actions taken to date enough to stop the conflict minerals trade from continuing? The answer is no. Electronics companies must invest in a system to certify that the minerals used in their products are verifiably conflict-free. They must work with their suppliers to trace the minerals back to their mines of origin and have independent audits conducted of these supply chains so that we know with verified proof that none has passed through the hands of armed groups. The Obama administration should help companies develop a certification process for conflict minerals, built on the lessons of the Kimberley Process for blood diamonds. The administration can also help devise a public-private partnership to work with companies, the Congolese government and other key donor countries to help miners in eastern Congo and improve mining inspection and tracing on the ground. Companies and the government can take steps today. For a start, electronics companies should have audits conducted of their supply chains for the minerals. And Congress should pass the conflict minerals legislation, to get tracing started. If you have a cell phone, you can also have an impact. Ask your senator and representative to sign the Congo Conflict Minerals Act (S. 891) and Conflict Minerals Trade Act (H.R. 4128), and find a creative way to reach your cell phone manufacturer to tell it you want a conflict-free cell phone. The minerals supply chain involves multiple companies, and the war in Congo will not be resolved overnight. But if companies and consumers take a stand and say ""Give us conflict-free products,"" we can stop this deadly trade and put real pressure on the armed groups that rape women on a mass scale in eastern Congo. Let Mary's request not be forgotten. The opinions expressed in this commentary are solely those of Sasha Lezhnev and John Prendergast.","Lezhnev, Prendergast: Congo ""conflict minerals"" fund deadly war in which rape is routine .
Authors: Gunmen sell minerals used in cell phones, laptops, games to buy weapons .
Victim: ""If you talk to Obama or the phone companies, tell them what happens here""
They say electronics firms must certify minerals are conflict-free, Congress must pass bills ."
"By . Anna Hodgekiss . PUBLISHED: . 06:42 EST, 25 February 2013 . | . UPDATED: . 08:26 EST, 25 February 2013 . A brother and sister have been diagnosed with the same life-threatening condition that affects only three in a million people in the UK. Four-year-old Emma Whittaker was diagnosed first with Fanconi Anaemia, a blood disorder that can lead to bone marrow failure and cancer. Her mother Rachelle Emberton hoped her son James, three, would prove a suitable bone marrow donor to help save her life. But two months later she received the devastating news that he also had the same rare condition. Rachelle Emberton with her daughter Emma and son James. Both have been diagnosed with a rare blood disorder that can lead to bone marrow failure and cancer . Ms Emberton had hoped that James would be a suitable bone marrow match for Emma, But two months later he too was diagnosed with the life-threatening condition . Luckily a donor match has been found should James need a transplant. But Rachelle and her partner Malcolm Whittaker are still searching for a match for Emma, who will need a transplant in the next few years. Ms Emberon, a businesswoman from Pitstone, Buckinghamshire, said: 'It was devastating when we found out James had FA too. 'The doctor was very honest with us and told us the average life expectancy was 30. 'I've explained to Emma that she has special blood and James just picks up anything his big sister says. 'They are typical children - little angels on their own, but when they are together they become little devils. 'Emma is four going on 14 and like any other young child loves her princesses and going to school. She is my little princess. 'All I want is to see my children grow up. Emma and James Whittaker: Emma was diagnosed first after their mother realised she bruised easily . Emma and James as babies: Their parents had no idea they had the rare condition at birth . Hopeful: 'All I want is to see my children grow up,' says Ms Emberton . 'We've searched the international database and cannot find a match for Emma. We desperately need more people to come forward.' Emma, who was born with one kidney, was diagnosed with FA in November 2012 when her mother noticed she was bruising easily. Ms Emberton said: 'If I wasn't a pushy mother then we would never have found out she had FA. We might never have known until she got really poorly. 'The condition is so rare I've had to explain it to doctors and give them the standards of care documents.' Emma's blood white and blood cells and platelets count has stabilised but doctors have advised she will need a bone marrow transplant in the next few years. James, who was also born with one kidney, was diagnosed with the same condition last month. There . are fewer than 150 sufferers of FA in the UK - with an incident rate of . just three in one million - and research and detailed information about . the condition is patchy. Ms Emberton and Mr Whittaker, 53, who are both FA carriers, are now urging people to join the Anthony Nolan bone marrow register. While a bone marrow donor has been found for James, the family are still searching for a match for Emma, who will need a transplant in the next few years . James (above), who was born with one kidney, was diagnosed two months after his sister . The charity is dedicated to saving the lives of people with blood cancer who need a blood stem cell or bone marrow transplant. There are currently over 450,000 . people on the register, but the charity can still only find a match for . around half the people who come to them in need of a lifesaving . transplant. Ms Emberton said: 'Registering is really simple - people do not realise. All you have to do it spit in a pot and send it off and you are on the register. 'My mother is Iranian and the doctors think that there may be a match in the Iranian community so she is going into community centres to try and get the word out.' Jeannie Dalgleish, from support charity Fanconi Hope who has a daughter with the condition, said it is unusual for more than one child in a family to have FA. She said: 'Genetic counselling is available for parents who have had a child with FA, but the condition is normally not diagnosed until children are eight. 'Looking after one child with the condition is hard, so it is a very difficult position to be in to have two children with it.' To register on the bone marrow register go to www.anthonynolan.org/register .","Emma Whittaker, 4, and her brother James, 3, have Fanconi Anaemia .
The rare blood disorder can lead to .
bone marrow failure and cancer .
Emma was diagnosed first and it was hoped James' bone marrow could help .
But family's hopes dashed two months later when he was also diagnosed .
They are now desperately searching for bone marrow donor to save Emma ."
"By . Lydia Warren . Loss: Matthew Burdette committed suicide in November after weeks of bullying, his family said . A 14-year-old Boy Scout took his life after a classmate filmed him touching himself in a school bathroom before spreading the footage around, the victim's family has revealed. Matthew Burdette committed suicide on November 29 last year - and his family are now speaking out in a bid to get answers about how the school acted before and after his death. After officials at University City High School in San Diego, California refused to give them information, the teenager's friends revealed that Matthew had been bullied after a video of him went viral, the family told News10. Two weeks before his death, Matthew was kicked out of class for eating sunflower seeds and, with nowhere else to go, headed to the bathroom at University City High School, his family said. There, a . fellow classmate peered over a stall and recorded Matthew. He posted the . video to Snapchat, Vine and other social networking sites, claiming the . teen was masturbating in the footage. 'It . went viral,' his distraught aunt, Laura Burdette Mechak, told News 10. 'It went beyond his school. It went to other schools in . California. Kids in the neighborhood who didn't go to Matthew's school . had heard about it and seen the video that was taken of him.' For two weeks, teenagers made his life 'miserable', his aunt said. Promising: Burdette, pictured as a young Boy Scout, left a suicide note saying he didn't have any friends . Matthew . never told his parents about the video. But he wrote a suicide note . explaining that he didn't want to kill himself but that he had no . friends and couldn't deal with school anymore, his aunt said. After learning about the video, the parents returned to University City High School to talk to officials. The school had launched an investigation - which the parents say means they knew about the video - but they would not tell the Burdettes what had happened to the boy accused of filming their son. The family then went to the San Diego Police Department, where they learned that the boy who took the video confessed and had been arrested, but the District Attorney failed to answer their questions. The DA simply told News 10 there is a hearing on the matter scheduled for July 23. Facing these continuous roadblocks from the school and other authorities, Burdette's mother wrote a letter to the School Board demanding answers - and just minutes later, the incensed Board of Education president called them saying he had heard nothing about the incident. Questions: Despite repeated contact with the school and DA, the family, left, do not know what happened - if anything - to the boy who is accused of posting the video of Matthew, left and right . Scene: He had attended University High School, where he played polo and was on the wrestling team . He reached out to the family saying they were in contact with the DA, but did not say if the school district had punished the boy accused of filming Matthew. The district has not yet responded to MailOnline's requests for comment. The family says they are not angry at the boy who filmed their son but they hope to highlight the dangers of cyberbullying. They also hope to finally get some of the answers they are looking for. They have filed a claim against the San Diego Unified School District . for failing to protect their son and have six months to file a lawsuit. In his obituary, he was remembered as an active student. 'Matthew was a student at University High School where he played Water Polo and was on the Wrestling Team,' it read. 'He was also a Boy Scout with Troop 260 working toward his Eagle rank.'","Matthew Burdette took his life in November and his family has struggled to get answers from the school about what happened before his death .
Friends told them that a classmate had filmed Matthew while he was in a school bathroom before spreading the footage around the school .
Matthew was bullied for two weeks before he took his life, they said .
The school district has failed to give the family any information and has not said what happened - if anything - to the boy accused of filming him .
Police said the boy was arrested and has a court hearing this month .
For confidential support call the National suicide Prevention Line on 1-800-273-825 .
In the UK, contact the Samaritans on 08457 90 90 90 or visit a local Samaritans branch, see www.samaritans.org for details ."
"Hong Kong (CNN) -- China's extraordinary climb to the world's second largest economy was built on the back of Chinese workers, many of whom left rural farms to migrate for work in coastal factories. But as China's wealth rises, workers are demanding a greater share of the wealth and better access to social services. And as this month's edition of ""On China"" examines, the young generation of worker are tech savvy, aware of their rights and choosier about where they go for work. ""They're on the Internet more ... on especially Weibo, China's social media, Twitter-like thing. They're able to connect with others, see what others are doing,"" William Nee of China Labor Bulletin, a Hong Kong-based NGO which defends workers' rights, told CNN. ""And in cases where there are strikes or things like that, they can put it out there on Weibo and other people can learn about it,"" he said. ""They can look online for labor rights and labor contract law."" One of the greatest issues for China's 250 million migrant workers is the ""hukou"" system of household registration. Migrant workers often can't register in the cities where they work, and subsequently can't qualify for social services such as public education or social security. ""When I talk to migrant workers about a vast array of problems, I think, this usually rises to number one,"" Rob Schmitz, a Marketplace correspondent in Shanghai, told CNN. ""And I think, for them, the biggest reason this is such a big problem is that they are treated like illegal immigrants inside of their own country."" This hits the children of migrant workers. ""Many children are born in these larger cities where their parents have moved to. This is their hometown, as far as they know it,"" Schmitz said. But as China's coastal provinces -- which were first opened for Western-style economic reform in 1979 -- grow more expensive, more companies are moving factories into rural areas, sparking a new wave of development and giving workers more options closer to home. ""The companies are looking for cheaper resources, cheaper land, cheaper labor in the home provinces, like in the rural remote provinces in China,"" Suki Chung, executive director, Labor Action China, told CNN. ""In places like Shenzhen, the Pearl River Delta, these places have become very expensive. So for migrant workers perhaps in the past, you make a salary and then bring it home, because of the cost of living how it's risen so quickly, it's no longer viable,"" said Nee. ""Taking a salary that's a little bit less back near their hometown is a much more attractive option, especially since they can visit their family much more easily."" Meanwhile, the low-skilled factory jobs in Shenzhen are being replaced by higher skilled employment. ""Shenzhen is moving up the value chain,"" Schmitz said. ""A lot of the jobs now that are available at places like Huawei (the telecommunications giant) ... you're seeing a lot of folks who graduated from 'dazhuang,' which is the vocational colleges of China, coming to Shenzhen instead of folks who have dropped out of high school perhaps or just come right off the farm."" As China moves from an export-driven, investment-led economy toward domestic consumption growth, the nation depends on the rising buying power of its workforce. Still, ""400 million people in China still live on less than $2 a day,"" Schmitz said. ""(China) is going to experience slower growth. Slower growth probably means fewer job,"" Schmitz said. ""I think there are a lot of threats that lie ahead."" CNN's Kristie Lu Stout contributed to this article .","China's climb to the world's second largest economy was built by Chinese workers .
Chinese workers are demanding a greater share of the wealth and better access to social services .
Higher production costs in the coastal areas are moving more jobs to rural areas of China .
Despite Beijing's economic rise, about 400 million Chinese still live on less than $2 a day ."
"(CNN) -- It's the battle of the tech titans. No, not Apple versus Samsung. Sony has gone head-to-head with Microsoft after releasing their next-generation gaming platforms for the holiday shopping season. And according to a recent sales report, Sony's PlayStation4 seems to have won the first round of the battle. The PS4 sold 1.25 million units in the United States during November, while the Xbox One sold 750,000, said Michael Pachter, an analyst at Wedbush Morgan, in a recent note to investors. As for global sales, the Japanese manufacturer announced they had sold more than 2.1 million PS4 units worldwide at the beginning of December. Microsoft say they sold over 2 million systems. With the XBox One starting at $499, and the PS4 at $399, Pachter says the the $100 price difference is responsible for Sony's success: ""The reason Sony beats Microsoft is solely the price. Microsoft loses the next generation unless they cut price."" In at the starting line . From the start, it was far from clear which console would reign over the world of gaming. ""These are two systems that are well-balanced to keep the furious battle between Xbox and PlayStation going for the next decade ... which can only be good for gamers everywhere,"" says David Hutchinson, chief video games writer for The Times of London. The tech landscape has transformed drastically since the last time these two electronics giants went head to head with the Xbox 360 in 2005 and the PlayStation 3 in 2007. Back then, smartphones and tablet devices didn't even exist. While PS4 is being touted as the perfect machine for social media lovers -- offering games that players can share easily with friends -- Xbox One is said to be ideal for those after a multimedia machine that can multitask and switch between games, movies, music and applications quickly and seamlessly. ""The PlayStation 4 has been set as more of a games machine versus the Xbox One's aim to be the multimedia entertainment center at the heart of your living room ... Both systems are essentially PCs in a console shell,"" explains Hutchinson. The two systems have everything from motion tracking and facial recognition to cameras and redesigned controllers. What's more, the Xbox One can not only be plugged into your cable box for on-demand TV and movies, but can also be personalized to a user's interests running a series of apps and programs, including Skype, NetFlix and LoveFilm. Smart strategies . Seven years ago, Microsoft pushed development on the Xbox 360 so that they could put their console on the market a year ahead of the PlayStation 3. Hutchinson says this move gave Microsoft plenty of time ""to gain an audience within a gaming community where the PlayStation had previously ruled supreme."" ""They gained a huge market share in that unchallenged year,"" he explains. ""Sony are obviously aware how this has affected their market dominance, so in this cycle of consoles they have made sure to release the PS4 slightly ahead of their rival in the U.S. to make sure they aren't left behind again."" At the industry's E3 conference in June, not long after Sony went public with their early release date, Microsoft announced they'd priced their console $100 more than Sony's PS4. Though the news didn't sit well with gaming enthusiasts, Microsoft refused to budge on the price. A gamer backlash ensued when fans found out the Xbox One was not going to allow offline gameplay or secondhand games to be used on the device. In turn, resistance from fans forced Microsoft to reverse its decision, explains Hutchinson. ""Xbox were wise to backtrack on their initial idea that you wouldn't be able to easily resell secondhand games or pass old games onto friends more than once,"" says Hutchinson. ""It showed a lack of understanding of the importance of selling on games for younger gamers, but also showed Microsoft's maturity in knowing when to backtrack if mistakes have been made."" The death of consoles? In recent years, the video game industry has seen users develop a growing appetite for mobile devices. This has led some to question the future of the console industry. ""Rumors of gaming console death are a bit premature,"" says Eric Smith, a consumer electronics expert from Strategy Analytics. ""It's been a down year in 2013 [for consoles], but going forward, this next generation is going to boost sales for several years to come."" Industry analysts attribute few top game releases and the tail end of the last generation of consoles as contributing factors for this year's downturn. Meanwhile mobile play continues to grow at a significant rate. Research firm Gartner forecast in their latest report that revenue from mobile gaming alone is predicted to ""nearly double between 2013 and 2015 from $13.2 billion to $22 billion."" ""Casual gamers I think have moved on most likely to mobile platforms. Tablets and phones are cheaper [and] more easily accessible,"" says Smith. ""These are impressive machines that have been released, they are enjoying great sales and beforehand, they were enjoying great pre-orders ... But the audience has shrunk and I don't think those casual gamers are going to return."" So with casual gamers moving over to their smartphones, hardcore gamers have been left to save the console for future generations. Smith says: ""[Xbox One] does gaming as well, but it is targeted towards a much broader audience and I think there is a risk in that gamers look at it and say: 'This is not for me, this is not built for gamers first' ... But at the same time, if these functions do catch up, [Microsoft] stands to gain sales down the road."" Meanwhile, Hutchinson hopes that neither electronics giant will reign supreme as it means a better and more competitive experience for the fans themselves. ""The joint dominance of the Xbox 360 and the PS3 marked a great era for the gaming public,"" he says. ""With no monopoly, gamers get better deals on games and hardware after the initial round of console launches are out of the way. Long may this continue.""","Microsoft and Sony release their next-gen gaming consoles .
Xbox One focuses on inclusive entertainment experience, PlayStation focuses on gamers .
Mobile gaming becomes fastest-growing area of gaming industry, say researchers ."
"Sick: German satire magazine Titanic has printed a picture of Austrian Formula One Legend Niki Lauda, joking that it's the latest picture of comatose Michael Schumacher . A German satire magazine has been condemned after printing a picture of badly-scarred Austrian Formula One Legend Niki Lauda with the title: 'Exclusive - First Photo After The Accident - This is how badly it affected Schumi'. 'Titanic' jokes that Michael Schumacher, who is in a coma after a skiing accident, now looks like Lauda - the Austrian former champion who was seriously injured in a crash at the 1976 German Grand Prix at the Nurburgring. During the crash, his Ferrari burst into flames and he came close to death after inhaling hot toxic fumes and suffering severe burns leaving him with extensive facial scars. Lauda said of the Titanic cover: 'It is an absolute barefaced cheek and is completely impious. I ask myself, ""who would print such a load of rubbish""?' The article then goes on to explain to parents how they can explain Schumacher's accident with 'Fun and Games', such as a puzzle of . seriously injured Schumacher in a helmet and a maze where taking the wrong route down the mountain puts the reader in 'hospital'. It is not the first time the magazine has been criticised for tasteless jokes. A double page spread once suggested missing girl Maddie McCann's parents sell her pics for advertising products, like a bleach brand that was 'guaranteed to wipe away DNA evidence'. Lauda said he is considering legal steps but he may not get far. When told that Maddie's parents were planning legal action over the use of their daughter's image, Titanic welcomed the move, saying it would give the publication great publicity - and help to raise sales. The ad features numerous products with Maddie's face on them, each offered at half price. German Formula 1 driver Michael Schumacher poses with his wife Corinna. In December he suffered serious head injuries while skiing in Meribel, France. He remains in a coma . A view over slopes and rocks where German Formula One legend Michael Schumacher reportedly had his ski accident at Saulire mountain near Meribel in the French Alps . An ad for a children's chocolate bar promises that one per cent of all sales will be donated to Interpol, the international police cooperation organisation. 'Here comes Maddie. She is the best known face in the world, if not in the entire universe,' the fake ad claimed. 'You will find her image on selected products in our store. If you find her, simply take her - and pay only half price.' Maddie's image was also emblazoned on a package of crackers in the ad and a bottle of Maggi soup flavouring has been turned into Maddie flavouring. Before the accident: Niki Lauda and James Hunt, who were famous for their intense rivalry on the grid . Aftermath: Niki Lauda talks to rival James Hunt after his accident . Thomas Gsella, editor in chief of Titanic, said anyone famous was fair game for spoofs and added: 'The reaction of the British media is hypocritical. They're just upset because the idea was taken out from under their noses.' The magazine - also infamously did a spoof airport-style bodyscan of the Duchess of Cornwall that revealed her to be a horse, under the headline 'Bad News for Camilla'. Titanic has had 35 editions banned since it was founded in 1979. The burning Ferrari of Austrian Formula 1 world champion Niki Lauda after an accident in 1976 at Nurburgring.  He escaped death at the last second after he was pulled out by other drivers .","Lauda, who was seriously hurt in 1976 crash, blasted the publication .
It claims Schumacher now resembles the F1 legend, who has facial scars .
'Titanic' has been in trouble for sick spoofs in the past .
Editor defends magazine, calling detractors 'hypocritical'"
"LONDON, England (CNN) -- You might want to go green, but how do you know what you're buying is truly ethical? Greenwash -- the ignoble art of misleading consumers about a product's true green worth -- is on the rise. But thanks to the work of increasingly vigilant regulators, some of the more curious and downright spurious claims are being weeded out. TerraChoice's ""six sins of greenwashing"" include vagueness, irrelevance and outright fibbing. TerraChoice, a Canadian environmental marketing agency, has devised a guide for consumers which they hope goes some way to eradicating greenwash. They've called it ""the six sins of greenwashing."" Scott McDougall, President and CEO of TerraChoice told CNN: ""The regulatory initiatives in Canada, the U.S., Australia and, I suspect, Europe are rather impenetrable bureaucratic documents, and are not very useful to the average consumer. So we developed it as a tool that would be memorable and useful to consumers."" The sins include ""Vagueness"" -- terms like 100 percent natural and earth-friendly which don't really mean anything, ""Hidden Trade Off"" -- is a product truly sustainable? And the ""Lesser of Two Evils"" -- trying to make consumers feel green about products that have dubious environmental benefit. Set up in 1995 as part of the Canadian Federal Government's program against greenwash, TerraChoice examines the entire life cycle of a product and the science of environmental claims with a view to awarding Canada's environmental certification mark, the EcoLogo. ""Our position is to help genuine environmental leadership win market share,"" McDougall said. TerraChoice is currently completing a 20-year study of green marketing claims. They have discovered that greenwash is more prevalent when public interest in environmental issues is greater, and that there's been a gradual increase in claims over time. ""It's a kind of a sawtooth curve,"" McDougall said. This rise appears to be a global phenomenon. The UK Advertising Standards Authority (ASA) says that complaints about environmental claims ""increased dramatically"" in 2007 -- 561 compared with just 117 the previous year. Car manufacturer Lexus ran into trouble in the UK with its ""High Performance. Low Emissions. Zero Guilt"" advert. The ASA ruled that ""zero guilt"" implied ""little or no damage to the environment."" British Gas was also found to have misled the public by claiming in a television ad that its green energy was ""carbon zero."" The regulator agreed with complainants that the phrase implied that no carbon dioxide was produced. In their 2007 report the ASA concluded that; ""claims about carbon emissions and green tariffs were among those most likely to confuse consumers."" Australia is also clamping down on greenwash. In June 2008, the Australian Competition and Consumer Commission (ACCC) demanded that tire manufacturer Goodyear compensate consumers after claiming that their Eagle LS2000 was eco-friendly and cut carbon emissions. The ACCC -- which is also taking Swedish car manufacturer Saab to court over inflated green claims -- has recorded a tenfold increase in complaints since October 2007. So does McDougall think businesses are starting to get the message about greenwash? ""Those sectors under particular scrutiny are educating themselves more quickly about what legitimate green marketing is,"" he said. ""In particular, cleaning formulations and cleaning chemistry. I think there is a great deal of movement towards greening generally."" But should products which are inherently bad for the environment be allowed to promote their improving green status? Well, Norway doesn't think so. In October 2007 they banned all green references in automobile advertising. In TerraChoice's ""six sins"" many motorized forms of transport would fall into the ""Lesser of Two Evils"" category. McDougall thinks that this is increasingly a problem area. ""It has been suggested to us that some of the claims about fuel efficiency and carbon issues are fundamentally deceiving,"" he said. Inevitably, some products are going to fail the criteria needed to achieve an EcoLogo -- McDougall once had to politely reject a bid wanting organic cigarettes certified -- but he says in most cases that TerraChoice has studied there was not a malicious attempt to mislead. With such a barrage of eco-messages slapped on products these days even McDougall concedes that ""the six sins of greenwashing"" might be too much for consumers to remember when out shopping. So, in a nutshell, what's his advice? ""The most essential guide I can offer consumers is; choose the product that appears to be doing its best to educate you, to offer you information and in precise language."" Do you think greenwashing is a problem? Do we need more or less regulation? Have your say in the ""sound off"" box below.","Consumers increasingly becoming aware of ""Greenwash"" products .
Canadian marketing agency TerraChoice outlines the ""six sins of greenwashing""
TerraChoice advise people to: ""choose products that appear to educate and inform"""
"By . Jenny Awford for MailOnline . Outspoken MP George Galloway has left hospital with severe bruising after he was punched repeatedly in the face and called 'Hitler' in a west London street attack, says spokesman. The Respect MP for Bradford West was posing for pictures in Notting Hill when he was 'leapt on' and assaulted last night by a man yelling comments about the Holocaust. He has been receiving death threats and hate mail after calling for Bradford to be 'declared an Israel-free zone' three weeks ago, according to his spokesman. Scroll down for video . MP George Galloway was taken to hospital for a suspected broken jaw after being attacked . The Respect Party tweeted this along with the picture of a battered and bruised George Galloway at 2am . He said: 'George was posing for pictures with people and this guy just attacked him, leapt on him and started punching him and calling him Hitler. 'It appears to be connected with his comments about Israel because the guy was shouting about the Holocaust. 'He has been receiving a huge amount of death threats and hate mail since saying this.' Police arrested a 39-year-old man on suspicion of assault and he remains in police custody. The spokesman did not know whether the attacker was an Israeli, an EDL-supporter or had some other motivation for attacking the Bradford West MP. They said Mr Galloway had described himself as being 'in a pretty bad shape'. The MP had been posing for pictures with residents in Notting Hill, west London, when the attack took place . The incident took place on Golborne Road, Notting Hill, when Mr Galloway was posing for photos . The Respect MP was interviewed earlier this month by West Yorkshire Police following a speech in Leeds, in which he claimed that Bradford was an Israel-free area. Mr Galloway, who campaigns in support of Palestine, made the comments at a meeting in Leeds. A clip was later posted on the video-sharing website YouTube. He told the meeting: 'We have declared Bradford an Israel-free zone. We don't want any Israeli goods; we don't want any Israeli services; we don't want any Israeli academics coming to the university or the college. We don't even want any Israeli tourists to come to Bradford even if any of them had thought of doing so. 'We reject this illegal, barbarous, savage state that calls itself Israel – and you have to do the same.' A Metropolitan Police spokesman said police were called to the scene of Mr Galloway's attack at around 7.40pm. 'Officers attended the scene. The suspect, a 39-year-old man, was found a short time later and stopped by police. 'He was arrested on suspicion of assault (ABH) and taken to a south London police station and subsequently transferred to a west London police station. 'The victim of the assault was taken to a central London hospital for treatment to his injuries. He was discharged from hospital this morning, The 39-year-old man remains in police custody.' Mr Galloway, who campaigns in support of Palestine, was attacked after the assailant made a comment about the Holocaust, his spokesman said . George Galloway, 60, has attracted intense controversy since the early years of his political career. He was  first elected as a Labour Party MP in 1987 representing Glasgow Hillhead. But he faced an almost immediate scandal that earned him the nickname 'Gorgeous George'. When asked about a conference in Mykonos, he replied: 'I travelled and spent lots of time with people in Greece, many of whom were women, some of whom were known carnally to me. I actually had sexual intercourse with some of the people in Greece.' This placed him on all the front pages and the executive committee of his local party passed a vote of no confidence in him in February 1988. In 1994 he was vilified after meeting Saddam and being shown on television telling the Iraqi leader: 'Sir, I salute your courage, your strength and your indefatigability.' He attracted more favourable headlines in 1998 when he set up the Mariam Appeal to fly young Iraqi leukaemia sufferer Mariam Hamza to Britain for treatment. But he was expelled from the Labour Party in October 2003 in the wake of his outspoken comments on the Iraq war. Labour chairman Ian McCartney said he, 'incited foreign forces to rise up against British troops'. In December 2004, Mr Galloway was awarded £150,000 in libel damages from the Daily Telegraph over articles published in April 2003 claiming he had received money from Saddam Hussein's regime. He became a leading member of Respect Party in 2004 and was elected as the MP for Bethnal Green and Bow at the general election the following year. At the start of 2006, Mr Galloway's appearance on reality TV show Celebrity Big Brother introduced him to a whole new generation. Not many can forget the sight of him licking milk out of the lap of actress Rula Lenska pretending to be a cat during the show, but many would like to. In 2008, Mr Galloway was pelted with a rubber stress ball as he was campaigning on an open-top bus in London. The firebrand politician received medical treatment but was not taken to hospital. He unsuccessfully contested the seat of Poplar and Limehouse in 2010, but returned as a Westminster MP following the Bradford West by-election in March 2012. Galloway won with a 10,140 majority, claiming 'the most sensational victory in British political history'. He shocked an Oxford University audience by refusing to debate with an opponent because he was Israeli in February 2013. A man, aged in his fifties,  was stabbed and killed a few streets away from where George Galloway was assaulted on the same night. Police were called to Portobello Road, Notting Hill, at 11.49 last night, just a few hours after the outspoken MP was attacked. The man was treated by London Ambulance Service, but died at the scene an hour later. A murder investigation has been launched and a post-mortem  will be held in due course. Police believe they know the identity of the deceased, but are awaiting formal identification. Officers from the Homicide and Major Crime Command are leading the investigation into the murder and there have not been any arrests. Anyone with information that may assist the investigation should call the incident room on 020 8785 8963. To remain anonymous call Crimestoppers on 0800 555 111. Bradford West is the fourth constituency to have Mr Galloway for its MP. The politician was expelled from the Labour Party in 2003 over his stance on Iraq, but made a comeback with the Respect Party at the 2005 general election in Bethnal Green and Bow. Police on the scene at the fatal stabbing in Portobello Road, Notting Hill, where a man in his fifties was killed . A murder investigation has been launched after a man died of stab wounds, he has not yet been identified .","Politician was posing for photos with residents in Notting Hill, west London .
Assailant called him 'Hitler' and shouted comments about the Holocaust .
He was then assaulted and punched repeatedly in the face .
MP was taken to hospital last night but left at 4am with severe bruising .
A 39-year-old man was arrested on suspision of actual bodily harm .
Galloway's spokesman said he has received death threats and hate mail ."
"By . Simon Tomlinson . A Missouri inmate has been put to death for raping and killing a college student, making him the first U.S. prisoner put to death since the Arizona lethal injection went horrendously awry last month. The Missouri Department of Corrections said Michael Worthington was executed by lethal injection at the state prison and was pronounced dead at 12.11am yesterday. He is the seventh Missouri inmate to be executed this year. Worthington had been sentenced to death for the attack on 24-year-old Melinda 'Mindy' Griffin during a burglary of her Lake St Louis condominium in 1995. Offered no apology: Michael Worthington was executed in Missouri for raping and killing a student despite an appeal to the Supreme Court to delay the death sentence because of recent botched executions . Before the execution began, while . strapped to a gurney and covered with a sheet, Worthington spoke with . his witnesses — some of them his relatives — through the glass, raising . his shaved head. When the . drugs began flowing, his head lowered back to the pillow and he appeared . to breathe heavily for about 15 seconds before closing his eyes. Some . of his witnesses began crying after he fell unconscious. A Bible had been placed on his chest at his request, and he left a six-sentence written statement offering no apology. The U.S. Supreme Court and Missouri's governor had declined on Tuesday to block the execution. Worthington, . 43, had predicted that the nation's high court and Governor Jay Nixon would . not spare him, insisting in a telephone interview with The Associated . Press news agency that he had accepted his fate. 'I . figure I'll wake up in a better place tomorrow,' Worthington, formerly . of Peoria in central Illinois, had said Tuesday. 'I'm just accepting of . whatever's going to happen because I have no choice. The courts don't . seem to care about what's right or wrong anymore.' Killer: Joseph Wood gasped for two hours when was executed by lethal injection in Arizona last month . Worthington's . attorneys had pressed the Supreme Court to put off his execution, . citing the Arizona execution and two others that were botched in Ohio . and Oklahoma as well as the secrecy involving the drugs used during the . process in Missouri. Those . three executions in recent months have renewed the debate over lethal . injection. In Arizona, the inmate gasped more than 600 times and took . nearly two hours to die. In April, an Oklahoma inmate died of an . apparent heart attack 43 minutes after his execution began. And in . January, an Ohio inmate snorted and gasped for 26 minutes before dying. Most lethal injections take effect in a fraction of that time, often . within 10 or 15 minutes. Arizona, . Oklahoma and Ohio all use midazolam, a drug more commonly given to help . patients relax before surgery. In executions, it is part of a two- or . three-drug lethal injection. Texas . and Missouri instead administer a single large dose of pentobarbital — . often used to treat convulsions and seizures and to euthanize animals. Missouri changed to pentobarbital late last year and since has carried . out executions during which inmates showed no obvious signs of distress. Missouri . and Texas have turned to compounding pharmacies to make versions of . pentobarbital. But like most states, they refuse to name their drug . suppliers, creating a shroud of secrecy that has prompted lawsuits. In . denying Worthington's clemency request, Nixon called Worthington's rape . and killing of Griffin 'horrific,' noting that 'there is no question . about the brutality of this crime — or doubt of Michael Worthington's . guilt.' Worthington was . sentenced to death in 1998 after pleading guilty to Griffin's death, . confessing that in September 1995 he cut open a window screen to break . in to the college finance major's condominium in Lake St. Louis, just . west of St. Louis. Worthington admitted he choked Griffin into . submission and raped her before strangling her when she regained . consciousness. He stole her car keys and jewelry, along with credit . cards he used to buy drugs. DNA tests later linked Worthington to the slaying. Worthington, . much as he did after his arrest, insisted to the AP on Tuesday from his . holding cell near the death chamber that he couldn't remember details . of the killing and that he was prone to blackouts due to alcohol and . cocaine abuse. Campaign: Three bungled executions in recent months have renewed the debate over lethal injections . He said a life prison sentence would have been more . appropriate for him. 'In 20 . years, no one's seen or heard from me,' he said. 'If I'm the one who did . it, what do they think life without parole is — a piece of cake? On Tuesday, Griffin's 76-year-old parents anticipated witnessing Worthington die. 'It's . been 19 years, and I feel like there's going to be a finality,' Griffin's mother, Carol Angelbeck said after flying to Missouri . from their Florida home. 'I won't have to ever deal . with the name Michael Worthington again. I'm hoping for my family's . sake, my sake, that we can go there (to the prison) and get this over . with.' 'In this case, there . is no question in anyone's mind he did it, so why does it take 18 or 19 . years to go through with this?' added Jack Angelbeck, Griffin's father. 'This drags on and on. At this point, it's ridiculous, and hopefully . it's going to end.' Worthington, when asked what he would say to Griffin's parents, directed his comments to her mother. 'If . my life would bring her peace and bring Mindy back, I'd be fine with . that. But it won't,' he said. 'It doesn't bring peace or closure. She's . still going to have her broken heart.'","Michael Worthington had appealed to supreme court to delay execution .
He cited a botched execution in Arizona where inmate gasped 600 times .
Two other bungled injections have also renewed debate over drugs used ."
"By . Bianca London . PUBLISHED: . 02:32 EST, 25 July 2013 . | . UPDATED: . 13:06 EST, 25 July 2013 . With the summer wedding season in full swing, it seems it isn't just brides and grooms having to stump up hefty amounts of cash for the celebrations - guests are finding themselves footing increasingly chunky bills, too. The average British woman spends an average of £400 every time they attend a wedding as a guest, according to a study . Women tend to spend £210 on a wedding appropriate outfit - paying £100 for a dress and a further £50 on a pair of matching shoes. Vital accessories such as a clutch bag and jewellery cost an extra £60. The average British woman spends £400 each time they are a wedding guest, according to a new study . Many women even fork out £60 to get their hair and make-up done for the special event. Appearance aside, accommodation adds to the pricey bill, with hotels costing £80 for the night. And a wedding gift for the happy couple - be it gifts for the home, a donation or a set of vouchers - sets most people back £50. Being a close friend of the bride has obvious perks, but with that comes plenty of extra costs, . mainly down to the pre-wedding celebrations - in particular, the hen . party. With . hen parties becoming more like holidays than the traditional . 'party the night before the wedding', women are likely to spend £300 for a . short getaway with the girls. When asked about the general price of being a wedding guest, almost half of women quizzed agreed they would spend up to £400 on a friend's wedding, without any hesitation . However, when quizzed about the general price of being a wedding guest, almost half of women agreed they would spend up to £400 on a friend's wedding without any hesitation. Dress: £100 . Jewellery and accessories: £110 . Hair and make-up: £60 . Accommodation: £80 . Presents: £50 . Additional costs (hen parties): £300 . Over two-thirds agreed that buying an outfit for the wedding worked out as the most expensive part. One respondent commented: 'I love weddings, but the amount of saving you have to do beforehand is ridiculous. I was invited to two of my best friends' weddings in the same year and ended up spending £1000 in total. 'It seems like a lot, but once you have two outfits, accommodation and the hen party paid for, it does all add up. I didn't want to miss out on anything so I just made sure I saved way in advance.' Another woman who took part in the survey said: 'I honestly think weddings are becoming way too extravagant and expensive, especially when you have a family to pay for. 'I ended up turning down a couple of weddings last year simply because we couldn't afford them. With all the travelling and the cost of finding somewhere to stay, it would have been £150 just to sort that out. All weddings seem to come at the same time as well.' A spokesperson for PromotionalCodes.org.uk, who carried out the survey, said: 'Weddings are sun and fun and exciting time for everyone, but they are definitely a very expensive occasion, especially for women. 'The best thing to do when you know you have an upcoming wedding is put a bit of money aside every week, that way you have your money at the ready when the costs come flying in.'","Average British woman spends £400 EVERY time they attend a wedding .
And almost HALF would spend that with no hesitation .
Tend to spend total of £210 on an outfit: £100 on dress and £50 on shoes ."
"(CNN) -- Investigators have found the vehicle of a University of Georgia professor wanted in the killing of three people. Authorities examine a Jeep belonging to professor George Zinkhan on Friday in Clarke County, Georgia. Police found George Zinkhan's vehicle early Friday in northwestern Clarke County, home to the University of Georgia, the university said in a statement. Authorities have been looking for a 2005 red Jeep Liberty that Zinkhan was driving when he was last seen six days ago after a shooting left three people dead, including his wife. Last Saturday's shootings happened at a community theater group's reunion in Athens, Georgia, just off campus. The university fired Zinkhan from his job as a marketing professor the day after the shootings. Zinkhan had purchased a plane ticket to the Netherlands for travel on Saturday, said Gregory Jones, special agent in charge of the FBI's Atlanta, Georgia, office, this week. Authorities have said Zinkhan owns a home in Amsterdam, Netherlands. Police Capt. Clarence Holeman identified the dead as Marie Bruce, 47, Zinkhan's wife and an Athens attorney; Tom Tanner, 40; and Ben Teague, 63. Holeman said it appeared that Zinkhan ""and his wife were having problems."" Police said Zinkhan has relatives in Texas as well as in the Netherlands. University Police Chief Jimmy Williams said Monday that authorities do not believe Zinkhan remains on campus or in Athens. However, he said, security has been beefed up on campus, including officers on foot patrols carrying semiautomatic weapons. The victims were all associated with the Town and Gown Players, a theater group that was holding a reunion picnic at the time of the shootings. ""The three people we lost were a part of the rich 50-year history of this theater and, more than that, were vital members of the Town and Gown family,"" the organization said on its Web site. The site described Bruce as ""the binding force that held the Town and Gown community together."" ""Having worked with Town and Gown for over 20 years, at one time or another she served in every capacity at the theater, artistically and administratively, from leading lady to president of the board to chief cook and bottle washer."" Police said Zinkhan arrived while the Town and Gown event was under way. According to Holeman of the Athens police, Zinkhan got into ""a disagreement"" with his wife. He left the scene -- police believe he went to his car, where the couple's children apparently were waiting -- and returned with two handguns. The shootings ""only took a few minutes,"" Holeman said. Police found eight shell casings, he said. After the shootings, Zinkhan left the scene with his children -- ages 8 and 10 -- still in the vehicle, police said. He drove to a neighbor's house in nearby Bogart, Georgia, where he lived, and left the children there. The neighbor, Bob Covington, said that Zinkhan arrived at his home shortly after noon Saturday with the two children. ""He rang the doorbell -- asked me if I could keep his kids for about an hour,"" Covington said. ""I said sure, and he said there'd been some type of emergency, and he took off."" An hour or so later, Covington said, police arrived and took the children.","University of Georgia professor sought in shooting deaths of wife and two others .
Investigators find professor George Zinkhan's Jeep near Athens, Georgia .
University fired marketing professor after off-campus shootings .
Zinkhan had purchased plane ticket to the Netherlands, FBI agent says ."
"By . Jane Flanagan In Cape Town . Updated: . 04:10 EST, 14 November 2011 . Accused: Peter Roebuck arriving at court for his trial in 2001. The former Somerset captain plunged six floors in the apparent suicide in Cape Town, where he had been commentating on a Test match . A cricketer turned commentator leapt to his death from a hotel window as police questioned him about sexual assault allegations. Former Somerset captain Peter Roebuck, 55, plunged six floors in the apparent suicide in Cape Town, where he had been commentating on a Test match. According to sources, he became agitated when a detective and a uniformed officer from the South African police sexual crimes unit arrived to interview him at the Southern Sun hotel in the suburb of Claremont. Mr Roebuck phoned fellow cricket journalist Jim Maxwell to help find him a lawyer and contact a group of underprivileged boys he had been supporting near his South African home. ‘Can you come down to my room quickly, I’ve got a problem,’ he said in the desperate phone call just after 9pm on Saturday. Minutes later, with the uniformed officer still in the room, Mr Roebuck plunged 70ft to his death, hitting an awning as he fell. Paramedics were called to the hotel, a short walk from the Newlands cricket ground, and Mr Roebuck was pronounced dead at the scene. Police seized items from his hotel room, including a laptop computer. Mr Roebuck had spent part of his last day alive with members of the Australian cricket team, who had lost their first Test against South Africa at Newlands on Friday. He regularly toured with the team as a distinguished writer and broadcaster for the Australian media, following a career in county cricket during which he played 335 first-class matches. He was named as a Wisden Cricketer of the Year in 1988. Old enemies: Ian Botham, left, and Roebuck, right, in 1987. When Roebuck backed a Somerset club committee decision not to renew the contracts of  West Indies stars Viv Richards and Joel Garner, their close friend Botham was furious and walked out on the side, sparking a long-standing enmity for Roebuck . A distraught Mr Maxwell, one of the last people to see Mr Roebuck alive on Saturday night, gave a statement to police yesterday. The Australian Broadcasting . Corporation cricket commentator, well known to British audiences for his . work on Test Match Special, said he had seen nothing to suggest Mr . Roebuck was contemplating suicide. ‘Things happen. As far as I could see . at the Test, there wasn’t a problem,’ said Mr Maxwell. ‘He was a person . who had a great sense of humanity and caring. That was Peter. ‘There were a lot of other things . about him, but we’ve lost a wonderful friend and supporter.’ He . described Mr Roebuck as ‘one of the outstanding writers on the game of . cricket’. After retiring from cricket in 1991, Mr Roebuck turned his hand to writing and broadcasting, and become one of the most respected and widely read commentators in cricket . Police spokesman Captain Frederick . Van Wyk confirmed Mr Roebuck’s death was being treated as suicide, but . would not give details about the sexual assault allegations. In his long playing record, one . incident stood out – a spectacular clash with Sir Ian Botham when he . replaced him as Somerset captain in 1985. When Cambridge-educated Mr Roebuck . backed a club committee decision not to renew the contracts of  West . Indies stars Viv Richards and Joel Garner, their close friend Botham was . furious and walked out on the side, sparking a long-standing enmity for . Mr Roebuck. After retiring from cricket in 1991, . Mr Roebuck turned his hand to writing and broadcasting, and become one . of the most respected and widely read commentators in cricket. He divided his time between homes in . Bondi Beach, Australia, and the South African town of Pietermaritzburg, . where he was helping a group of underprivileged boys through school and . university. Mr Roebuck, who was unmarried, was at . the centre of controversy in 2001 when he received a suspended jail . sentence for common assault after beating three teenage cricketers . across their bare buttocks with a cane. The South African boys had been invited to stay at his former home in Taunton, Somerset, for coaching in the late 1990s. Henk Lindeque, one of Mr Roebuck’s victims, said yesterday he was ‘shocked’ to learn of the cricket writer’s sudden death. ‘I haven’t had any contact with him . since the trial,’ Mr Lindeque said. ‘The problem was not so much that he . caned us but wanted to examine the marks. That’s when I decided to get . out of his house.’ Mr Roebuck, one of six children born . in Oxford to teacher parents, was apparently estranged from his family . for much of his adult life. On his website, he included . contributions from his ‘extended family’ of underprivileged boys from . South Africa and Zimbabwe – some of them cricketers – whom he assisted . with school fees, coaching or getting jobs. Peter Roebuck has jumped to his death in Cape Town, leaving behind the last great mystery of a complex and often tortured life that was full of questions and very few answers. The former Somerset captain committed suicide in South Africa, one of the two countries where he had homes after leaving England to embark on a media career mainly in Australia. He had been covering  Australia’s Test defeat by South Africa at Newlands. Western Province police spokesman Frederick van Wyk confirmed that ‘a cricket commentator committed  suicide by jumping from the sixth floor of his Claremont hotel on Saturday night. He died on impact.’ Roebuck forged a successful career as a writer after his playing days . Part of the team: Roebuck (third left on the back row) played for Somerset during the 1980s with Sir Ian Botham and Sir Viv Richards . Van Wyk refused to comment on reports police had spoken to Roebuck earlier on Saturday but said they ‘will investigate all the circumstances around his death’. It brings a tragic end to the life of a solitary man whose achievements as a competent if unspectacular batsman were followed by a career on radio and in print where Roebuck, 55, emerged as one of the game’s most original and sometimes brilliant thinkers. ‘In orthodox spheres Peter might be . regarded as odd, whereas he is merely obscure and oblique. He is an . unconventional loner, with an independent outlook on life, an irreverent . sense of humour and often a withering tongue’ His life often appeared a long, lonely and ultimately futile attempt to find fulfilment, with plenty of controversy along the way, notably his suspended jail sentence 10 years ago after he admitted caning three young  cricketers he had offered to coach. It was that unedifying court case in Taunton that led many to  question Roebuck’s motives when he helped fund the education of promising young cricketers, often providing accommodation for them at his homes in Sydney and Pietermaritzburg. Yet there was no doubting the warmth of the tributes that Roebuck’s death inspired on Sunday. Both Cricket Australia and Cricket South Africa highlighted the good work Roebuck had done for the game and his passion for it, being a particularly articulate critic of the dark forces that brought  corruption to the sport. I worked briefly with  Roebuck 12 years ago at the Sunday Telegraph and I have to say I found him the rudest, most prickly and unhelpful colleague I have ever experienced. This was a man who refused to cover the ‘dirt in the pocket’ incident involving Mike Atherton for the Sunday Times, saying it was not a story, and once told his despairing sports editor ‘I tend not to talk to people’ when asked to do an interview. Facts rarely featured in his work. But I never got to know him properly and those who did spoke very differently on Sunday. ‘Scatty and focused, brilliant and fallible, muscular yet incredibly fragile, Peter Roebuck was too many men rolled into an irreplaceable one,’ wrote his friend Peter English in a brilliant tribute on the website Cricinfo, to which Roebuck contributed. ‘Individuals like him often sit on the outside, making choices and then fretting over the consequences. ‘In the end it was a wonder he lasted so long, dealing with demons and demonising which shadowed him during his playing days and forever after. Deep down, I think, he knew he would determine his end.’ The fact that the cricket career of a man good enough to captain England in an unofficial one-day match against Holland will be remembered more for the conflict he inspired by backing the move to force Viv Richards and Joel Garner out of Somerset says everything about the enigma that Peter Roebuck was. The rift that resulted with Ian Botham, who pinned the word ‘Judas’ to Roebuck’s peg in the Somerset changing room and left the county after backing his illustrious  colleagues, was never mended. Roebuck was later to write in his autobiography, the aptly titled Sometimes I forgot to laugh, that ‘the cost was enormous’. It was in Roebuck’s first book, a diary of a county season called It Never Rains, where he revealed himself to be a writer of rare talent and it was as a commentator that he was to distinguish himself far more than in a cricket career that was to bring him in excess of 17,000 first-class runs. It was with Australia’s media that he made his name, mainly working for ABC Radio and the Sydney Morning Herald, after he had developed a peculiarly acrimonious relationship with England and all things English, often disparagingly referring to his countrymen in a faux Australian accent as ‘those Poms’. Nationality was something that clearly troubled Roebuck but it was far from the most serious of his troubles, as the circumstances around his demise so tragically demonstrated. Perhaps the last word should go to his father, an Oxford schoolteacher, who wrote in his son’s autobiography: ‘In orthodox spheres Peter might be regarded as odd, whereas he is merely obscure and oblique. He is an unconventional loner, with an independent outlook on life, an irreverent sense of humour and often a withering tongue.’ Better to remember those words than what drove Roebuck to take his own life.","‘Can you come down to my room quickly, I’ve got a problem,’ he said in phone call minutes before death .
Former Somerset captain, 55, scored more than 17,000 runs during glittering career .
‘He was a person .
who had a great sense of humanity and caring'
For confidential support call the Samaritans on 08457 90 90 90 or visit a local Samaritans branch, see www.samaritans.org for details ."
"Travelling with toddlers can be hellish. Especially if you leave before dawn and realise en route to the airport that you've forgotten to bring your pram. Oh dear. It was too late for us to turn back and, no, you can't buy a buggy at Gatwick because nobody is stupid enough to leave theirs at home. Happily, Anassa, a Thanos family hotel in North-west Cyprus, is acutely geared up for children. A fine spot on the shoreline: Anassa occupies a pristine position on the north-west coast of Cyprus . Friends had told us it was the best hotel for children that they had ever stayed in, so our expectations were high. After a four-and-a-half-hour flight, and a 45-minute drive from Paphos airport, my wife and I and our two children (aged three and one) were greeted with cold flannels and glasses of cool bitter lemon. A buggy materialised on request and our anxieties melted away with our ice cubes. Anassa, meaning 'queen' in ancient Greek, lives up to its regal name. It's all marble floors, water features and amphora pots. The service is miraculous and there is even a 24-hour (complimentary) infant menu. Perched on a hilltop overlooking a Mediterranean bay, the hotel is within walking distance of its own sheltered beach, a boat ride away from ravishingly beautiful blue sea lagoons and a five-minute drive from Aphrodite's bathplace, where the goddess disported herself. (Legend has it your beauty can be restored with a drop of its spring water, but annoyingly, it has yet to work for me.) There is no denying it is an expensive destination. If you need to ask how much the villas with infinity pools cost, you won't be able to afford them. Anassa has all the creature comforts - two spectacular outdoor swimming pools, an indoor pool, spa, four restaurants - but its USP is its design: it resembles a traditional Cypriot village. The gardens and white-washed villas are arranged around a square with its own Byzantine chapel. Yes, it's a little Disneyfied, but it works. The hotel is cleverly laid out on different levels so it never feels full. Directly above the spa is the chapel, so you can worship your body and soul in quick succession. The clientele is intriguingly Euroeclectic. There was a handsome, septuagenarian, Italian gentleman with a beautiful young wife and three daughters dressed in identical couture; David Cameron's Eton contemporary Octavius Black and his Cameron-Cutie wife Joanne Cash; and the odd tattooed Eastern European with a body-builder's physique, gold chains around his neck and a golden woman on his arm. We knew Cyprus from previous trips and its extraordinary range of Roman amphitheatres and mythological sites. But you can be forgiven for not wanting to leave the hotel grounds. We made a point every day of walking through its fragrant gardens lined with jasmine and bougainvillea. When we found we didn't have appropriate footwear for our one-year-old son, the staff offered to fetch us Crocs from the capital 80 miles away. We bravely walked out to buy a €3 pair from the local market; a transaction felt positively subversive. There is no better way to stress-test a hotel than with toddlers. Every request was met instantly. Please can you erect netting on our terrace to prevent our tearaways from escaping into the garden? Done, sir. Please can you put a latch on the front door to prevent them letting themselves out? No problem. Making a splash: Anassa is ideal for family holidays (even if you've gone and forgotten the pram) In the afternoon, we tended to drop the children off at the kids' club, which they loved. It was air-conditioned and manned by calm and kind polyglot staff. Almost all of the 166 rooms have sea views. We had two interconnecting rooms with terraces. The decor was bland, but quality bland. Breakfast was served on an outside terrace under almond trees. There were fresh bowls of fruit salad, date truffles and raw honey served on the comb. In the evenings, we dined with the children al fresco in the square, serenaded by local musicians. On offer was a traditional Cypriot buffet, a smorgasbord of Greek salads and roast suckling pig on a spit. Anassa is a second generation family-run hotel, and it prides itself on repeat visitors. We left with indelible memories of swimming in the pellucid waters of the blue lagoon, dancing with our children under the moonlight to violinists and passing a school of dolphins in our motorboat. It was like going on honeymoon - but with your children in tow. Classic Collection Holidays (0800 294 9318, www.classic-collection.co.uk) offers seven nights at Anassa from £8,799 for a family of four during May half-term. Price based on two adults and two children sharing a family studio, full-board, and includes return flights to Paphos and private transfers.","The five-star Anassa resort sits on the north-west coast of Cyprus .
This luxury hideaway caters to families and young couples alike ."
"(CNN) -- The police chief of Mount Pleasant, New York, was arrested Thursday on charges of possession of child pornography, authorities said. Brian Fanelli, 54, was arrested at his home in upstate Mahopac after a months-long investigation by federal officials, said James Hayes, Jr., special agent in charge of Homeland Security Investigations in New York. The chief allegedly used a peer-to-peer file sharing program to download more than 120 images and videos of child pornography, prosecutors said. Fanelli was released on $50,000 bond Thursday evening, according to CNN affiliate WCBS. A judge ordered him to home confinement with electronic monitoring. His computers and guns were confiscated, WCBS reported. Investigators identified Fanelli in October 2013 while investigating peer-to-peer networks being used to download sexually explicit content. ""We moved rather swiftly given his prominence in the community, his trust that had been placed upon him by those in the community and his close relationships with the community,"" Hayes told CNN. As police executed a search warrant at his home Thursday, Fanelli voluntarily told investigators that he began viewing child pornography about one year ago. Fanelli told investigators that he first started collecting the child porn as research for a sexual abuse awareness program he taught to elementary and middle-school students. But he said he later continued downloading it for personal interest , according to the office of U.S. Attorney for the Southern District of New York Preet Bharara. Fanelli had worked for the police department in Mount Pleasant, a town about 30 miles north of New York City, since November 1981, according to Joan Maybury, the town supervisor. He has been suspended as chief, a post he took in November -- one month after he became the target of the child porn investigation. ""The fact of the matter is the general public impression of people who commit these crimes is [that of] an unemployed pervert in his mother's basement,"" Hayes said. ""That's not our experience. We're finding that the people who commit these crimes are educated professionals, people in many different fields, and unfortunately this is not the first law enforcement officer that we've arrested for this crime."" Homeland Security investigators have been more involved in child pornography cases in recent years because they often involve the transmission of sexually explicit images of children from outside the United States, Hayes said. Fanelli faces a maximum sentence of 10 years in prison and a maximum fine of $250,000 if convicted, according to the statement.","Mount Pleasant, N.Y., police chief arrested for alleged possession of child porn .
Brian Fanelli allegedly used a peer-to-peer file sharing to download child porn .
Chief told investigators he started collecting child porn as research for sex abuse program .
Prosecutors say he later continued downloading it for personal interest ."
"TRAVELLING TO WORK by Michael Palin (Weidenfeld & Nicolson £25) Diaries are private places — places where the writer can take off whichever mask they put on to face the world and let their naked selves run around for a while. ‘I make no apology for exposing my doubts and fears,’ declares Michael Palin at the start of his third volume of diaries. Yet, for the most part, the private Michael Palin turns out to be a lot like the public one. If you’ve gone through life under the impression that he’s a fundamentally decent, cheery, ever-so-slightly bland sort of chap, then you won’t find much evidence here to the contrary. Michael Palin is publicly known as a comedian but the former Monty Python star has also enjoyed a career presenting travel documentaries . Occasionally, though, you catch a glimpse of something else, and the shock is so great that you find yourself wondering if there just might be another more complicated, less likeable Michael Palin lurking in the shadows. At the start, he’s about to embark on his first big jaunt — Around the World In 80 Days. A comparative novice as a presenter, he worries about how much contrivance is involved in trying to be himself on camera. ‘I try to be as natural as possible, and yet time and time again I have to act . . . I can act — I can act — but I can’t act me.’ Michael Palin, pictured with fellow Python Terry Jones and a cardboard cutout of Graham Chapman, whose death deeply affected Palin . By the end of the decade, he’s an acknowledged telly star, winning BBC Personality of the Year in 1998 and being presented with BBC Series of the Year — for Full Circle — by none other than Baroness Thatcher. ‘Thatcher is small, bony, her face white and waxy, her handshake cool but a little damp at the same time.’ But however successful Palin has become, an air of melancholy still creeps in around the edges. Some of the best writing here, both spare and vivid, is about death. Palin was with his great friend and fellow Python, Graham Chapman, when he died in 1989. ‘A single tear emerges from his right eye and rolls down his cheek. The mouth is set. The great ridge of Adam’s Apple is still. There is no more noise from him.’ A few days later Palin and the other Pythons attend Chapman’s funeral. At the end, after the congregation has sung Always Look On The Bright Side Of Life, he sees John Cleese sitting silently, his eyes full of tears. ‘That I shall remember for a very long time.’ Four months later, Palin’s mother dies of a stroke. ‘The little body is crouched round like the Tollund Man, but her strong face remains beautiful though sallow now and silent. I bend and kiss her and thank her for giving me life.’ What becomes increasingly clear is that like a lot of comedians Palin takes himself very seriously. He has a seemingly inexhaustible appetite for praise, solemnly quoting someone telling him that his play, The Weekend, ‘will be around in 200 years’ even though it’s just been given a terrible pasting by the critics. And while he can be fiercely self-critical, he doesn’t stint when it comes to giving himself a congratulatory hug. Referring to his series Pole To Pole, he writes: ‘It is the Sudan episode, number four, which I think will become a classic.’ There’s also a faint but unmistakable lordliness about the way he soaks up compliments. At a drinks party Palin is introduced to the novelist Ben Okri. It turns out that Okri is ‘a big enthusiast of my work, [he] recognises special qualities of naturalness and ease which he finds affecting.’ The Pythons reunited (from left to right) Michael Palin, Eric Idle, Graham Chapman,Terry Gilliam and John Cleese . At the same time it’s plain that Palin drives himself extremely hard. In the rare gaps between jobs, he always seems to be discussing other projects, some so strange that they sound like things Alan Partridge might have dreamed up — ‘An interesting film idea,’ he notes. ‘A proposal that I should be seen in the U.S. trying to track down Bruce Springsteen; using his songs as clues.’ Amid this furious activity, his famous niceness wears intriguingly thin in places and an altogether bitchier Palin shows through — as when he refers to Germaine Greer as looking ‘for a brief moment, like John Cleese in drag’. What’s clear, too, is how close — or closely tethered anyway — the Pythons have always remained. Scarcely a year goes by without some talk of a reunion and while it never happens, no one appears particularly resistant to the idea. Palin is particularly proud of his achievements with his television travel documentaries . The surprise, in retrospect, was how long it took. That said, there are frequent quarrels too, mainly over the running of their film company, Prominent Features. After one meeting, Palin finds himself thinking glumly that Acrimony Films might be a better name. But even when relations are strained, he’s fiercely defensive of the Pythons and doesn’t try to hide how irked he is that they’ve never received any official recognition. ‘I can only assume the Pythons are on some sort of blacklist, otherwise the group’s work would have been recognised as having as universal an effect on TV comedy as the Beatles did on music.’ The message is unmistakable: here is a man who longs to hear the words ‘Arise Sir Michael’ ringing in his ears. Meanwhile life goes on, albeit in what now seems like an absurdly sepia-tinged fashion. In December 1991, Palin tries to master the new word processor his wife has just bought him and which takes up half the room: ‘Quiet and smooth, an easy keyboard, no paper to insert, no crossing out or Tippex-ing’. It all adds up to an awkward mix. Although there are some revealing and affecting passages here, there is also a lot of flannel, as well as entries that don’t really hack it on any level — Saturday, May 6th 1996: ‘Will Carling has been sacked as England captain.’ Like Palin’s TV documentaries, his diaries slip down easily enough, but seldom touch the sides.","Palin was with his great friend and fellow Python, Graham Chapman, when he died in 1989 and write about it poignantly .
His mother also died four months later .
Palin comes across fundamentally decent, cheery, ever-so-slightly bland .
The former Python won BBC Personality of the Year and his programme Full Circle was awarded BBC Series of the Year in the 1990s ."
"(CNN) -- It worked in Cairo's Tahrir Square. Now, taking their cue from social-media fueled uprisings in places like Egypt and Iran, a band of online activists hopes it will work on Wall Street. Kalle Lasn, co-founder of the counterculture magazine AdBusters, has taken to Twitter and other websites to help organize a campaign encouraging tens of thousands of Americans to hold a nonviolent sit-in Saturday in Lower Manhattan, the heart of the U.S. financial district. This past spring and summer saw a massive groundswell of populist demonstrations against authoritarian regimes in North Africa and the Middle East -- the Arab Spring of 2011. In Tunisia, Egypt, Libya, Bahrain and Syria, protesters took to the streets and occupied public spaces to protest stagnant economies, lack of freedom of expression and regimes that seemed more concerned with consolidating power than addressing the needs of the people. Each of these revolutions began differently, but they all were organized and fueled by tech-savvy social media users, particularly on Facebook and Twitter. Lasn now wants to use the Internet for a protest in the United States. ""There's a very visceral anger against the financial community,"" Lasn said. ""Many people feel that these people who are financial fraudsters, who basically got away with it, have yet to be brought to justice... It seems like we the people now have to congregate on Wall Street and other financial districts around the world and force the global economic system to move in a better, more just direction."" Adbusters' protest campaign -- with the hashtag #occupywallstreet -- began in July with the launch of a simple campaign website calling for a march through the streets of Lower Manhattan and a sit-in at the New York Stock Exchange, just as demonstrators did in Tunis' November 7 Square and Cairo's Tahrir Square. The campaign got a sizable boost in August from the hacktivist group Anonymous, which released a short video urging its supporters to participate in the sit-in. Since then, the movement has seen the addition of planned protests in other countries, including Japan, Israel, Canada and a half-dozen European nations. The aim of #occupywallstreet is to draw 20,000 protestors to New York's financial district, although Lasn hopes for as many as 90,000. ""In Tunisia and in Egypt, the Internet was used to organize surprising numbers of people to get out into the streets and start a radical, democratic movement for regime change,"" Lasn said. ""Of course, the situation here in America and many European countries is quite different. We're not living under a torturous dictatorship, for one. ""Nonetheless, there's a feeling that the global financial system, the heart of which is in the U.S., in New York, that this system is somehow having its way with us,"" he said. ""There's a feeling that we need a revolution in the way that our economy is run, the way that Washington is run."" This isn't, Lasn stresses, an excuse for rioting and looting like the world recently witnessed in the United Kingdom. It's a call for radical change, but in the tradition of nonviolent protesters like Mahatma Gandhi, he says. If protests turn violent, he fears the message will be lost. ""What we are hoping for is to have a very large number of people turn up in Lower Manhattan and start walking toward Wall Street peacefully, signs in hand,"" Lasn said. ""If we have peaceful assemblies and debates about what our demands to President Obama should be, then bit by bit we can create a situation that will rival what happened in Egypt."" ""That would be a wonderful, energizing and positive moment to feel like we the people are in charge,"" he said.","Internet activists have taken to Twitter, other sites to ""Occupy Wall Street"" on Saturday .
Organizer says digital uprisings in places like Egypt and Iran are an inspiration .
The hacktivist group Anonymous urged its supporters to participate in the sit-in ."
"By . Ashley Collman . PUBLISHED: . 23:17 EST, 16 March 2014 . | . UPDATED: . 07:10 EST, 17 March 2014 . A Canadian gold-medalist made history this weekend when she played her first game for a professional men's hockey team. Shannon Szabados, 27, is the first woman to play in the Southern Professional Hockey League after signing on as a goalie for the Columbus, Georgia Cottonmouths. While the Cottonmouths lost Saturday's game against the Knoxville Ice Bears 4-3, Szabados put on an impressive show saving a total of 27 shots. First game: Shannon Szabados, 27, is the first female to play in the Southern Professional Hockey League. She played her first game with the Columbus Cottonmouths on Saturday . Gold medalist: Szabados recently helped lead the Canadian women's team to victory at the Olympics . In a post game interview, the Edmonton-native admitted she may have been a little rusty since she hasn't skated in a while. Saturday's game was one of the few times Szabados' has been on the ice since she helpd defeat the United States women's team in the Olympic finals on February 20, securing her second gold medal with Team Canada. When asked how her men's professional debut compared to the Olympic-winning game, Szabados said it was 'definitely up there'. 'I’ve been asked a lot whether this or the gold medal game was bigger. I’d have to say the gold medal game but here there was a little more excitement,' Szabados told the Columbus Ledger-Enquirer. Good jog: While the Cottonmouths lost their game against Knoxville on Saturday 4-3, Szabados blocked an impressive 27 shots . Warm up: The Olympian admitted she felt a little rusty after not having practiced in a while. Saturday's game was one of the few times she's been on the ice since her Olympic victory on February 20 . Tough enough: Szabados has spent much of her career playing with the boys, from junior league to her time at Northern Alberta Institute of Technology. Above, another shot at Saturday's game . There for her: The 27-year-old says she enjoyed Saturday's game and even saw a few fans in the crows wearing her jersey . Szabados says she had fun at the game, and even saw a few spectators wearing shirts with her name. Cottonmouths coach Jerome Bechard gave his new goalie's first performance a positive review. 'I thought she played well,' Bechard said. 'She made the stops she was supposed to make.' Before Saturday's game, Bechard spoke with the New York Times about the new addition to his team and remarked on how it showed the hockey world was changing. 'I guess equal opportunity's the word. In my opinion, if you can play, it doesn't matter what color, what nationality, what gender you are,' Bechard told the Times. Gearing up: Szabados suits up next to male teammate Andy Willigar in the locker rooms . Watching her back: Szabados admits being a girl makes her a target on the ice . Szabados isn't the first female to play men's professional hockey, but she is the first to do so in the 10-year-old SPHL. Female hockey players have a hard time continuing their sport after college, since currently no women's professional league plays a living wage. No woman has ever played a regular-season game in the NHL, though Manon Rheaume played an exhibition game with Tampa Bay in 1992. Before starting with the Cottonmouths, Szabados practiced with NHL team the Edmonton Oilers when they were short a goalie after a trade. Female fill-in: Before signing with the Cottonmouths, Szabados practiced with NHL team the Edmonton Oilers when they were between goalies . In fact, Szabados has spent most of her career playing with the boys, from junior league teams to days on the men's team at Northern Alberta Institute of Technology. And at the age of 16, she became the first women to play in the Western Hockey League. Despite her  Olympic credentials, Szabados admits her gender is going to make her more of a target. 'I’m sure I’ll get run into quite a bit because that’s part of the men’s game,' Szabados told the Times. Still, Szabados has earned the respect of her fellow teammates who are excited to playing with a woman at the top of her game. Forward Matt Gingera, from Winnepeg, says he watched Szabados during the Olympic tournament and often wondered whether he would be able to get the puck past her. 'It’s very cool we get to play with her,' Gingera said. 'Watching her on TV during the Olympics, she’s like a celebrity.'","Shannon Szabados, 27, played her first game with the Columbus Cottonmouths on Saturday .
The Cottonmouths are part of the men's Southern Professional Hockey League .
Szabados joined the team fresh off her second gold medal win playing for the Canadian women's team in the Olympics ."
"By . Daily Mail Reporters . A married gym teacher accused of raping her 16-year-old student sent lovesick text messages about him to a second teen she also allegedly assaulted. Joy Morsi's alleged affair with the first underage student was exposed this week when she flipped out over his decision to take a classmate to the prom. 'I can’t believe [name deleted] is going to the prom with [name deleted],' the 39-year-old texted to the second boy, a source told New York Post. The source said the pair exchanged texts which led to an alleged weekend rendezvous in a basement office at Grover Cleveland HS in Queens, New York. In the texts, Morsi and the boy arranged to meet on Saturday, two days before the teacher was arrested for the alleged sex with the first student. Charged: Joy Morsi, center, a 39-year-old teacher at Grover Cleveland High School in Queens, New York, was taken into custody on Wednesday morning on the latest charge just hours after she had pleaded not guilty to raping a student when he was 16 . Students told the Post the boy's prom date told her mother about the illicit affair, who then reported Morsi to authorities. Morsi was taken into custody on Wednesday morning on the latest charge . just hours after she had pleaded not guilty to raping a student when he . was 16. 'Two weeks . after the alleged relationship with that student ended, she enticed a . student and engaged in sexual activity with this 16-year-old again on . school property just over this past weekend,' prosecutor Melissa . Kelly said. Prosecutors cited text messages as evidence of the sexual encounter. Morsi was charged with two-counts of third-degree criminal sexual act and one-count of endangering the welfare of a child. She was ordered held on an additional $25,000 bail and must return to court on June 23, reports ABC7. 'These are serious accusations in which a school teacher - who should serve as a role model to students - is instead accused of using her position to gain access to children for her own gratification,' Queens District Attorney Richard Brown said. Humiliating: Joy Morsi's husband, Hany Morsi (pictured) is a science teacher at the same school as his wife, Grover Cleveland High School in Queens, New York . Morsi cannot be . fired or stripped of her pay without due process, officials said. On Tuesday, Morsi had been charged with . third-degree rape and third-degree criminal sex act after being accused . of raping a 16-year-old student wrestler. Morsi is alleged to have sent the wrestler raunchy selfies and emails. Their affair was only exposed after she flew into a jealous rage because he was taking another girl to prom. The Long Island mother, whose husband Hany Morsi, also teaches at the school, was first arrested on Monday. The illegal relationship with the wrestler began last June when Morsi offered to help the student lose weight, prosecutors said in court. On June 5, Morsi allegedly lured the unidentified student into a 'secluded closet' where she exposed herself to him. Scene: Joy Morsi, 39, a gym teacher at Grover Cleveland High School in Ridgewood, Queens (pictured) is accused of raping two underage students . She also allegedly sent the student emails asking if he was a virgin, along with saucy text messages. The . court heard the pair had sex all over the school from June to July last . year, and continued to meet for sex outside of school. In court on Tuesday, Morsi pleaded not guilty to numerous counts of third-degree rape, a criminal sexual act in the third degree and one count of endangering the welfare of a child. The stone-faced teacher did not comment after being ordered held on $25,000 bail. As the student turned 17 during the nearly year-long dalliance, subsequent alleged encounters are considered legal. Morsi, described by some students as 'a hard-working teacher', did not comment as she left court. City Department of Education officials said Morsi was 'immediately removed' from the classroom when she was reported. Charged: Joy Morsi (seated) has been suspended with full pay from her tenured teaching position at Grover Cleveland High School in Queens, New York. Her husband Hany Morsi (pictured) is a science teacher at the same school . 'We find these claims disturbing and reprehensible and she will remain reassigned - far from any student and the school - pending a criminal investigation,' deputy press secretary Marcus Liem said. 'We will work closely with the school to ensure they are given any needed support.' Morsi, who has four children, had nothing to say as she left court on Tuesday, but attorney, Virginia Lopreto, signaled she would fight the case. 'My client’s ties to the community have been verified,' Lopreto said. 'Her husband is here. She has a family and children. She’s very likely to see this through.' Morsi started working as a gym teacher in 1999, has a clean discipline record and earns $79,531 a year, according to records. Meanwhile students at the school said rumors had long circulated about the alleged affair. 'We had a feeling that something was going on,' ninth-grader Josie Gonzalez told New York Daily News. 'They would always be together around the school.' If convicted, Morsi faces eight years in prison.","Joy Morsi, 39, is a tenured gym teacher at Grover Cleveland High School in Queens, New York .
She is accused of raping a 16-year-old student 20 times between June and July last year .
Their affair was exposed this week after .
she flew into a jealous rage because the boy was taking another girl to .
prom .
On Wednesday she was arrested again and accused of having sex with another 16-year-old student .
Prosecutors say she hooked up with the second student because her relationship .
with the first boy had ended over his prom date .
She complained to the second boy about the first boy in a series of text messages, 'I can't believe he is going to the prom with her'
Morsi, a mom of four from Long Island, faces numerous charges .
She was held on $50,000 bail and is to return to court on June 23 ."
"By . Damien Gayle . PUBLISHED: . 20:15 EST, 13 September 2012 . | . UPDATED: . 04:20 EST, 14 September 2012 . Vladimir Putin has admitted that some of his media adventures with wildlife were carefully staged, but said they were worthwhile because they drew attention to conservation projects. The Russian president's appearances with everything from tigers to whales have been a staple of Russian state TV for years, cementing his image as a man of action. They have drawn mockery from critics, however, who have likened them to Soviet-style propaganda. Carefully staged: Vladimir Putin has often by portrayed by the media as a rugged outdoorsman, but for the first time has admitted that the various stunts he takes part in are carefully stage-managed . His latest adventure: Russian President Vladimir Putin . flies in a motorised glider to lead lost young Siberian cranes onto their . correct migration path . Putin's spokesman has previously revealed that at least one of the stunts was a set-up, but Mr Putin has appeared to play along, allowing state media to present them as they seem rather than how they really are. But in a meeting with a Kremlin critic after his latest stunt - taking to the skies in a light aircraft with a group of cranes last week - Mr Putin admitted he had often taken part in media exercises which were carefully stage-managed. Sometimes, he said, the stunts had been over the top. 'Of course, there are excesses. And I am enraged about it,' he told Masha Gessen, a journalist and staunch Putin critic. She had been invited for a meeting in the Kremlin after she was sacked from her job editing a travel magazine for refusing to send reporters to cover the crane flight. She wrote an account of her meeting with the president in Bolshoi Gorod magazine. Watch the birdie: Putin keeps a careful eye on one of the cranes while waiting in a motorized hang-glider. Ms Gessen lost her job as editor of a travel magazine because she refused to send reporters to cover the stunt . Opposition: President Putin insisted the value . of the stunts was to draw awareness to wildlife conservation, in an . interview the with journalist Masha Gessen, a Putin critic who lost her . job because of her political stance . 'But I thought up these tigers myself. Twenty other countries where tigers live, also started taking care of them,' she quoted him as saying, referring to an incident four years ago when he was shown shooting a tiger with a tranquiliser gun in order to track it for a conservation project. Critics later suggested the tiger had been driven in from a zoo for Mr Putin to shoot for the TV cameras. 'The leopards were also my idea,' Mr Putin was quoted as saying. 'Yes, I know, they were caught before but the most important thing is to draw public attention to the problem.' He was apparently referring to an episode in 2011 when he was shown tagging and releasing a rare and injured snow leopard. Critics again said it had been brought in specially. 'Everything I do in this area (wildlife conservation) should have nothing to do with politics. But for a man in my position it is very difficult,' Mr Putin said. Tough guy: Putin limbers up for a judo training session at the Moscow sports complex in St Petersburg . Rugged outdoorsman: Left, Mr Putin attends a . meeting of motor bikers at their camp at Gasfort Lake near Sevastopol in . Ukraine's Crimea Peninsula. Right, he fishes in the Yenisei River in . Siberia . Mr Putin also admitted that a stunt last year for which he donned a wet suit and dove to the bottom of the Black Sea to apparently discover ancient amphorae was also not what it seemed. 'Why did I dive? Not to show my gills off but to make sure people learn history. Of course it was a set up,' the journalist quoted Mr Putin as saying. The Russian president's spokesman has previously revealed the Black Sea find was staged, admitting it was 'obvious' the jugs had been found earlier by archaeologists and left their for Mr Putin to find. 'The boys and I found them': But Russian prime . minister Vladimir Putin's treasure find of two ancient Greek amphorae on . his Black Sea dive was staged, his chief spokesman has previously admitted . Action . man: Mr Putin embarking on his dive at the underwater archaeological . site at Phanagoria on the Taman Peninsula, Russia, last August . Mr Putin's spokesman Dmitry Peskov told reporters in the Black Sea resort of Sochi, where Mr Putin is spending a few days this week, that Ms Gessen had provided 'a correct account of the meeting except for some insignificant details.' Mr Putin's summons to Ms Gessen appeared to be an attempt to mediate in her dispute with her former employer. She said that Mr Putin, flanked by the magazine's owner, asked her whether she really wanted to have her job back or whether she was comfortable with the role of 'a persecuted journalist'. Ms Gessen wrote that she had refused to accept Mr Putin's offer to take her old job back, saying she did not want to work in a magazine where an editor-in-chief is appointed by Mr Putin. However, Mr Peskov said that Ms Gessen had initially agreed to take her old job back only to change her mind the following day.",Russian president gives Kremlin interview to opposition journalist who lost her job because she refused to cover his latest stunt .
"DAVIE, Florida (CNN) -- It's 7 p.m. Homework is done, and cheerleading practice is over. Miley Cyrus plays the popular Hannah Montana on a hit Disney Channel show. Sisters Cara and Casey Von Minden, and their cousin, Amanda Flaherty, are more than comfortable on their couch in Davie, Florida. They're doing what millions of tweens across America are doing -- they're watching, ""Hannah Montana."" ""We didn't miss, like, any episodes of her, unless something really big was happening,"" said Cara, 12. The hit Disney Channel show -- which stars 14-year-old Miley Cyrus and her country singer dad, Billy Ray Cyrus -- is about a teenage girl who's a typical high-schooler by day but has a secret pop-star alter ego by night. If you have a child between 6 and 14, there's a pretty good chance you know Hannah. Nielsen Media research says more than two-thirds of U.S. kids in that age group watched the show in the third quarter of 2007. So when Disney announced a 54-city concert tour, starting October 18 in St. Louis, Missouri, it was an obvious birthday present for Cara. But the day tickets went on sale, Cara's mom, Maureen Von Minden, found she was shut out before she got started. Ticket brokers swooped up thousands of tickets within minutes of them becoming available online and shut out legitimate Hannah followers. Desperate fans found they would have to pay brokers $350 to $2,000 for the $63 concert tickets.  Watch Billy Ray Cyrus talk about the soaring prices » . Von Minden lives in Florida -- in ""Hurricane Alley."" ""We're hurricane people,"" she said. ""It's price gouging ... price gouging at its best. It would have been my daughters' first concert for both of them, and we were looking forward as a family to going, and we can't,"" she said. Concert promoters saw the phenomenon happening all over the country. ""Absolutely every show sold out within the same amount of time,"" said Debra Rathwell of AEG Live, the company handling the concerts for Disney. ""Whether you were in Moline or Omaha or New York or Los Angeles, it sold out in minutes."" Ticket brokers use the Web to buy sports and concert tickets ahead of real fans, creating an almost $2 billion secondary market. ""Up to 80 percent of inquiries of tickets come from these brokers,"" said Gary Bongiavanni, editor-in-chief of Pollstar, a weekly media magazine that tracks concerts. ""The average fan is competing with a pro whose mission is to score these tickets. Fans are at a disadvantage,"" Bongiavanni said. The profits go to brokers, not the artists or promoters. CNN tried to contact several different ticket brokers that did not return phone calls or e-mails. But the National Association of Ticket Brokers did return calls. ""When a ticket is hot, people sell them,"" said general counsel Gary Adler. Only five states -- Michigan, North Carolina, Kentucky, Massachusetts and Rhode Island -- limit brokering, according to the National Association of Ticket Brokers. Regulations vary. For example, in Rhode Island, the cap on the amount of the increase is $3, or 10 percent above face value, whichever is greater. Ticketmaster says online some brokers cheat to beat the system and the fans. Ticketmaster has filed suit in U.S. Federal District Court in Los Angeles against a Pittsburgh, Pennsylvania, software company that it claims developed software for ticket brokers that illegally ""allows them to cut in line"", said Ticketmaster vice president Joe Freeman. The software company, RMG Technologies, denies that allegation. It says the company should not be held accountable because Ticketmaster is getting paid for the tickets it sells. ""This may be the only time in history ... that any seller sued its customers for paying them too much money,"" the attorney for RMG Technologies wrote in court documents. Promoters and artists have tried different methods to recoup lost revenue. For the Hannah Montana tour, AEG Live and Ticketmaster held an auction for tickets in some cities. But the auction, AEG concedes, was not for the average fan. The minimum bid for a single front-row seat at the Target Center in Minneapolis, Minnesota, was $2,605. ""... If the tickets go to brokers, then they pay a lot of money for them. And if the brokers are going to end up with the tickets, then the artist should get paid for them,""said Rathwell, whose company is handling the Montana tour. The Hannah Montana concert ticket debacle also has gotten the attention of law enforcement. Attorneys general in Arkansas and Missouri have filed a suit accusing ticket brokers of illegally reselling tickets to Montana's ""Best of Both Worlds Tour."" ""When you allow the hijacking of the market, it's literally the worst of both worlds. You get charged too much, and there's no access for the locals,"" said Jay Nixon, Missouri's attorney general. Experts say Disney and the Hannah Montana franchise are victims, too, but they see nothing that will hurt the Disney brand. Billy Ray Cyrus, Miley's dad, has commented on the issue. ""There is a law of supply and demand, and ... quite frankly, it's beyond our control. We put together a concert tour, and I was really excited about Miley going out and playing for the fans,"" he said. ""That's what her tour is about. It's for the kids and all the families that are watching Hannah Montana."" A Disney representative told CNN, ""It's really unfortunate, and there is nothing we can do to stop it. These inflated costs only benefit the brokers. We were very pleased to hear that various law enforcement agencies are beginning to look into these practices."" Experts say that unless ticket broker prices drop as concert dates approach, there will be sold-out arenas with empty seats. Lawsuits will not put smiles on the faces of disappointed kids and parents. But Casey, 10, said she has a suggestion on how to afford Montana tickets, and it falls on her 12-year-old sister: ""Cara needs to get a job!""  E-mail to a friend .","Online ticket brokers snatched up thousands of Hannah Montana concert tickets .
Fans must pay $350 to $2,000 to brokers to get the $63 tickets .
Some states have filed lawsuits related to the ticket brokering ."
"Joplin, Missouri (CNN) -- The tornado that struck Joplin, Missouri, Sunday killed 124 people, authorities said Tuesday, in what was the deadliest single U.S. tornado since modern record-keeping began 61 years ago. An estimated 750 people have been treated at area hospitals, said Joplin City Manager Mark Rohr, who told residents of the tornado-ravaged town to be prepared in case a new wave of destructive storms strikes. A tornado warning was issued, then canceled, Tuesday night for Joplin. The storm involved likely will pass well north of the city, said forecasters. They predicted Joplin could still get hit by strong wind gusts of more than 70 miles per hour. On a brighter note, rescue workers pulled two more people alive from the rubble within the last 24 hours, Rohr said. Also Tuesday, forecasters raised their assessment of the Sunday storm, ranking it at the top of the scale used to rate tornadoes. The National Weather Service has determined the twister packed top winds of more than 200 mph, making it a 5 on the enhanced Fujita scale, said Bill Davis, the meteorologist who reviewed the damage. Davis said the tornado left ""about six miles of total destruction"" in its wake. Examinations of some of the buildings destroyed or damaged convinced forecasters to raise the designation, he said. Roughly 8,000 structures within the city of Joplin were damaged, Rohr said, citing a Federal Emergency Management Agency report. A previous estimate had put the number of buildings damaged or destroyed at 2,000. Among the dead in Joplin were 10 residents and a staff member at a nursing home, a company official said. Two other staffers at Greenbriar Nursing Home are in critical condition at a hospital, said the home's vice president, Bill Mitchell. Of the other 79 residents of the home, all but one are accounted for, he said. Only rubble remains and survivors have been moved to temporary housing or are with family members. ""It just looks like a war zone,"" said Eddie Atwood in a CNN iReport from the scene. From where he stood, Atwood said, ""You could see all the way to the horizon because all the houses and all the trees were just leveled."" ""I was walking down Main Street. Everything was so razed over, it was disorienting because some of the streets -- you couldn't even tell where you were at. After living in Joplin all my life it was like living in the twilight zone."" Joplin is not in the clear yet as far as weather goes: The National Weather Service warned there is a chance of another tornado outbreak -- with the peak time ending at midnight Tuesday -- over a wide swath including parts of Texas, Oklahoma, Arkansas, Nebraska and Missouri. Already Tuesday evening, at least four people were killed and many more injured when a deadly string of tornadoes and thunderstorms cut through central Oklahoma, officials said. Joplin Police Chief Lane Roberts said the city was imposing a curfew Tuesday night in areas struck by the tornado to head off the threat of looting. ""The sole function is to reduce the opportunity for people to loot and steal, and we're hoping the folks who live in that area will cooperate with us,"" he said. President Barack Obama announced he will visit the region on Sunday. ""We are going to do absolutely everything we can to make sure they recover,"" he said during a visit to London. Obama added that he will let people know ""the whole country is going to be behind them."" ""We are here for you. We're going to stay by you,"" Obama said. Richard Serino, the second-highest-ranking official at the Federal Emergency Management Agency, said Monday that Obama had issued a disaster declaration -- expediting the dispersal of federal resources to the area -- while vowing that ""we are going to be here for the long haul."" City Manager Rohr told reporters Tuesday that more than 40 agencies were on the ground in the southwest Missouri city, and two first responders were struck by lightning Monday as they braved relentless rain and high wind searching for survivors. ""One, fortunately, walked away from it; the other one's still in the hospital, last I heard,"" Joplin Emergency Management Director Keith Stammer said on CNN's ""American Morning."" About 1,500 people are still unaccounted for. But ""when we open up the area and start letting them come back in ... that number of unaccounted for will start to dwindle,"" Stammer said. Many of those 1,500 have scattered because of tornado damage and communication problems. Joplin Fire Chief Mitch Randles said the second search and rescue effort basically follows the tornado's path. ""We're searching every structure that's been damaged or destroyed in a more in-depth manner,"" he said. ""The third search is going to be similar to that. And then the fourth search through will be with the search-and-rescue dogs."" Authorities encouraged people to use the website safeandwell.org, operated by the Red Cross, for updates on loved ones. Some residents said the tornado struck suddenly. ""It all happened so fast,"" Rachael Neff said on CNN's ""American Morning"" Tuesday. ""It seemed like forever but it happened very fast."" ""We had a few minutes' warning. I've never taken any of the warnings seriously but something snapped in me and I put blankets and pillows in the bathroom. We were running to the bathroom. You could hear the home shaking, everything busting out."" Neff, her fiance, Zac Bronson, and her toddler prayed, screamed and survived. ""We've had a tremendous support system. Our employers, friends and family have been more than helpful and we move on and rebuild. We just start another life. We started a new life,"" Bronson said. By Monday night, officials found 17 people alive. But many, including Will Norton, remain missing. The 18-year-old was driving home from his high school graduation Sunday when the tornado destroyed the Hummer H3 he and his father were in. ""We were in a separate car. We were about 30 seconds in front of them, one block,"" Norton's sister, Sara, told CNN. ""My dad called and he said, 'Open the garage door.' ... And then I just heard him say, 'Pull over, Will. Pull over.' And then they started flipping."" ""My dad said -- when my dad gained consciousness, he said that he saw my brother -- his seat belt snapped and he was ejected through the sunroof,"" she added. The family has been tracking a ""Help Find Will Norton"" Facebook page and pursuing leads on his whereabouts. Norton's aunt, Tracey, said the family received a tip that the teen was listed on a local hospital's emergency room roster -- but she's not sure where he is now. ""They transferred him, but we're not sure where he was transferred,"" the aunt said. ""When he was transferred, he was alive. We don't know anything other than that."" The tornado that carved through the city of about 50,000 on Sunday is the deadliest to hit American soil since the National Weather Service began keeping records 61 years ago. The National Weather Service notes seven deadlier twisters, but says those took place ""before the years of comprehensive damage surveys,"" so they may have been the result of multiple tornadoes. But the Weather Service does say that the Great Tri-State Tornado of 1925, which tore across southeast Missouri, southern Illinois and southwest Indiana, killed 695 people -- ""a record for a single tornado."" A 1953 twister in Flint, Michigan, killed 116 people, according to the Weather Service. Last month, two fatal twisters struck Alabama. One hit Hackleburg and the town of Phil Campbell, killing 78 people, and another struck Tuscaloosa and Birmingham, killing 61. With crews still sifting through rubble, the death toll could continue to climb. ""I think the more time that goes by, the more I feel sick about it,"" Sarah Hale, a lifelong Joplin resident, said Tuesday. ""These people are cold and sick and stuck. As the days go on, and the death toll goes up, how many funerals are we going to go to?"" Joplin Mayor Mike Woolston said Monday night that his community hasn't given up. ""We hope that there are people alive. We have a number of apartment buildings, complexes that are almost completely flattened. So we anticipate finding more people, and hopefully we'll get there in time to find them alive,"" he said. The tornado chewed through a densely populated area of the city, eliminating a high school and making a direct hit on one of the two hospitals in the city. Woolston pledged not to let the tornado ruin his city. ""This is just not the type of community that's going to let a little F-4 tornado kick our ass. So we will rebuild, and we will recover."" CNN's Chuck Johnston, Joe Sutton, Greg Botelho, Holly Yan, Marlena Baldacci, Mike Pearson, Jessica Jordan, Sean Morris and Barbara Starr contributed to this report.","NEW: A tornado warning is issued, then canceled, for Joplin .
Roughly 8,000 structures sustained damage within the city .
750 people were treated at hospitals, an estimated 1,500 people are still unaccounted for .
The Sunday tornado was an EF-5 storm with top winds of more than 200 mph ."
"By . Kerry Mcdermott . PUBLISHED: . 06:31 EST, 24 April 2013 . | . UPDATED: . 09:51 EST, 25 April 2013 . It is a stunt Jeremy Clarkson would be proud of. A Nasa exploration rover trawling Mars for signs of life has left behind an interesting sign of its own. The hilarious image was spotted on Nasa's website, where mischievous engineers had even placed it on one of the mission's homepages. Resemblance: The tyre tracks left by Nasa's rove Spirit in 2004 bear an uncanny resemblance to male genitalia . It shows tracks left on the red planet . by Spirit, one of Nasa's twin rovers, as . they wheeled across its surface in 2004. The picture was shared on Reddit with the caption: 'Mars Rover = $800m, Team to operate = $1bn. Drawing a penis on the surface of another planet = priceless.' The image proved so popular that Nasa's servers were initially unable to cope with demand. However, it appeared they soon got the joke, uploading a higher resolution version - although no official comment on the picture has been made. Although the rover's on Mars are able to drive themselves around, engineers of earth control their movements via 'satnav' maps which are periodically uploaded to the rovers. The rovers, along with the more recent arrival Curiosity, often turn in tight circles or perform unusual movements as engineers test their systems or change direction. It it believed the image became popular as a joke among engineers which has now been uncovered, as the image appears on an official page at Nasa's Jet Propulsion Laboratory. You've drawn what? Reddit users say Nasa updated its site (seen right) soon after the image was spotted to show a higher quality version (left) The image forms part of a large panorama captured by the Mars Exploration . Rover Spirit nearly a year ago is called Spirit's ""Legacy"" panorama. It . combines many frames acquired during Spirit's 59th through 61st martian . days, or sols (March 3 to 5, 2004) from a position about halfway between . the landing site and the rim of ""Bonneville Crater."" The location is . within the transition from the relatively smooth plains to the more . rocky and rugged blanket of material ejected from Bonneville by the . force of the impact that dug the crater. Spirit's 'Legacy' panorama. It combines many frames acquired during Spirit's 59th through 61st martian days, or sols (March 3 to 5, 2004) from a position about halfway between the landing site and the rim of 'Bonneville Crater,' Nasa says. The panorama spans 360 degrees and consists of images obtained in 78 individual pointings. The panorama spans 360 degrees and consists of images obtained in 78 . individual pointings. The camera took images though 5 different filter . at each pointing. This mosaic is an approximately true-color rendering . generated using the images acquired through filters centered at . wavelengths of 750, 530, and 480 nanometers. The six-wheeled, solar-powered robots . were launched on Mars almost a decade ago to scour the surface of the . planet and beam information back to Nasa teams on Earth. The . Spirit rover became stuck at the end of 2009, and its last . communication with Earth was in 2010. Opportunity continues to traverse . the planet. Opportunity: The six-wheeled robotic rovers were launched almost a decade ago to investigate the surface of Mars . Robotic: Opportunity, left, is still traversing the planet's surface, while Spirit, seen right in a Nasa image, ran into difficulty on Mars in 2009 .","Reddit users spotted unfortunate pattern in picture posted on Nasa website .
Part of a huge panoramic shot taken by Nasa's Spirit rover in March 2004 .
Programmed to spin in tight circles to test terrain and find new routes ."
